-- phpMyAdmin SQL Dump
-- version 4.7.1
-- https://www.phpmyadmin.net/
--
-- Host: localhost
-- Generation Time: Nov 28, 2019 at 09:31 AM
-- Server version: 5.6.36
-- PHP Version: 7.1.22

SET SQL_MODE = "NO_AUTO_VALUE_ON_ZERO";
SET AUTOCOMMIT = 0;
START TRANSACTION;
SET time_zone = "+00:00";


/*!40101 SET @OLD_CHARACTER_SET_CLIENT=@@CHARACTER_SET_CLIENT */;
/*!40101 SET @OLD_CHARACTER_SET_RESULTS=@@CHARACTER_SET_RESULTS */;
/*!40101 SET @OLD_COLLATION_CONNECTION=@@COLLATION_CONNECTION */;
/*!40101 SET NAMES utf8mb4 */;

--
-- Database: `emschild_project`
--

-- --------------------------------------------------------

--
-- Table structure for table `admins`
--

CREATE TABLE `admins` (
  `id` int(11) NOT NULL,
  `username` varchar(50) NOT NULL,
  `password` varchar(255) NOT NULL,
  `created_at` timestamp NOT NULL DEFAULT CURRENT_TIMESTAMP ON UPDATE CURRENT_TIMESTAMP
) ENGINE=InnoDB DEFAULT CHARSET=utf8;

--
-- Dumping data for table `admins`
--

INSERT INTO `admins` (`id`, `username`, `password`, `created_at`) VALUES
(1, 'boss7', 'a3d53caabdeff10482c21486deb6812', '2019-11-24 04:59:48'),
(3, 'admin', '21232f297a57a5a743894a0e4a801fc3', '2019-11-24 11:25:33');

-- --------------------------------------------------------

--
-- Table structure for table `ci_sessions`
--

CREATE TABLE `ci_sessions` (
  `id` varchar(128) NOT NULL,
  `ip_address` varchar(45) NOT NULL,
  `timestamp` int(10) UNSIGNED NOT NULL DEFAULT '0',
  `data` blob NOT NULL
) ENGINE=InnoDB DEFAULT CHARSET=latin1;

--
-- Dumping data for table `ci_sessions`
--

INSERT INTO `ci_sessions` (`id`, `ip_address`, `timestamp`, `data`) VALUES
('8fsurdlgnqqqj2lrdcvs8hdekhp8ms18', '127.0.0.1', 1574568569, 0x5f5f63695f6c6173745f726567656e65726174657c693a313537343536383536393b4642524c485f73746174657c733a33323a223436343664346463306562636461653436633939633934623935373033313234223b),
('bj5dd4vm6drb08gko8r0klv1r5ss64vt', '127.0.0.1', 1574568917, 0x5f5f63695f6c6173745f726567656e65726174657c693a313537343536383931373b4642524c485f73746174657c733a33323a226662363430663161633034346531306430333931336438643966343934313635223b66625f69647c733a303a22223b66625f6e616d657c733a353a227465737432223b66625f656d61696c7c733a353a227465737432223b757365725f69647c693a3136393b707265746573747c693a303b),
('dg697dcsgr8qldlc2353pqdnib9eep0a', '127.0.0.1', 1574569544, 0x5f5f63695f6c6173745f726567656e65726174657c693a313537343536393534343b4642524c485f73746174657c733a33323a223138373537363331663135636466333664613737333761613462303063373936223b757365725f69647c733a333a22313637223b66625f69647c733a303a22223b66625f6e616d657c733a35383a22e0b89ee0b8b5e0b8a3e0b8b2e0b89ee0b8b1e0b892e0b899e0b98c20e0b89be0b8b1e0b88de0b8aae0b8b8e0b8a7e0b8a3e0b8a3e0b893e0b98c223b66625f656d61696c7c733a32303a22702e706565726170687574406761696c2e636f6d223b),
('uoc4spre3vnvpmbmodb7ihd8dmkifrv1', '127.0.0.1', 1574570564, 0x5f5f63695f6c6173745f726567656e65726174657c693a313537343537303331393b4642524c485f73746174657c733a33323a226538666636646535643836653233636631623063336231666636326230363338223b),
('vr4iu9kp6cvt00562021t567evjn7if8', '127.0.0.1', 1574570319, 0x5f5f63695f6c6173745f726567656e65726174657c693a313537343537303331393b4642524c485f73746174657c733a33323a226538666636646535643836653233636631623063336231666636326230363338223b),
('nupp4kf3o43i9caug7b79onf8us8r781', '1.47.193.88', 1574571377, 0x5f5f63695f6c6173745f726567656e65726174657c693a313537343537313337373b4642524c485f73746174657c733a33323a223532353039653834356232356333306136303739633338386434353531666431223b),
('hjl88nt9s1bm2k6ohote6u6nesjlcvae', '1.47.193.88', 1574571716, 0x5f5f63695f6c6173745f726567656e65726174657c693a313537343537313731363b4642524c485f73746174657c733a33323a223532353039653834356232356333306136303739633338386434353531666431223b61646d696e5f69647c733a313a2233223b61646d696e5f757365726e616d657c733a353a2261646d696e223b747970657c733a353a2261646d696e223b),
('129hipf0tkhp7ivej86391kopta08f7q', '184.22.211.73', 1574571893, 0x5f5f63695f6c6173745f726567656e65726174657c693a313537343537313839333b4642524c485f73746174657c733a33323a223135343434366336656565303731643335343036656539376530356430363764223b66625f69647c733a303a22223b66625f6e616d657c733a343a22706f6e64223b66625f656d61696c7c733a32323a2273757261646563682e64406e69656d732e676f2e7468223b757365725f69647c693a3137313b707265746573747c693a303b),
('jdlg7n6fbc69bvmku6r2ns2lgkduko68', '1.47.193.88', 1574573079, 0x5f5f63695f6c6173745f726567656e65726174657c693a313537343537333037393b4642524c485f73746174657c733a33323a223532353039653834356232356333306136303739633338386434353531666431223b61646d696e5f69647c733a313a2233223b61646d696e5f757365726e616d657c733a353a2261646d696e223b747970657c733a353a2261646d696e223b),
('ah0bvcb8cqo85gvega397n739jtd8huj', '184.22.211.73', 1574572237, 0x5f5f63695f6c6173745f726567656e65726174657c693a313537343537323233373b4642524c485f73746174657c733a33323a223332646264323865393064303638393934653836323137316437613630613938223b66625f69647c733a303a22223b66625f6e616d657c733a303a22223b66625f656d61696c7c733a303a22223b),
('9snk0b22qr7jrbc1kp2v6ib2iupt8826', '184.22.211.73', 1574572693, 0x5f5f63695f6c6173745f726567656e65726174657c693a313537343537323639333b4642524c485f73746174657c733a33323a223332646264323865393064303638393934653836323137316437613630613938223b66625f69647c733a303a22223b66625f6e616d657c733a303a22223b66625f656d61696c7c733a303a22223b),
('c7knch2qtaplf8h2m58lig77kqtbpggk', '184.22.211.73', 1574573502, 0x5f5f63695f6c6173745f726567656e65726174657c693a313537343537333530323b4642524c485f73746174657c733a33323a223332646264323865393064303638393934653836323137316437613630613938223b66625f69647c733a303a22223b66625f6e616d657c733a303a22223b66625f656d61696c7c733a303a22223b),
('b5ostdfgamk491cts6sv4vl7do0glf9h', '1.47.193.88', 1574573499, 0x5f5f63695f6c6173745f726567656e65726174657c693a313537343537333439393b4642524c485f73746174657c733a33323a223532353039653834356232356333306136303739633338386434353531666431223b61646d696e5f69647c733a313a2233223b61646d696e5f757365726e616d657c733a353a2261646d696e223b747970657c733a353a2261646d696e223b),
('1s7o7pp9svls2r733vdl9i4hp989bkjn', '1.47.193.88', 1574577817, 0x5f5f63695f6c6173745f726567656e65726174657c693a313537343537373831373b4642524c485f73746174657c733a33323a223532353039653834356232356333306136303739633338386434353531666431223b61646d696e5f69647c733a313a2233223b61646d696e5f757365726e616d657c733a353a2261646d696e223b747970657c733a353a2261646d696e223b),
('go2oupesarqajvd7tt9rbd2ndd7vlqhg', '184.22.211.73', 1574574542, 0x5f5f63695f6c6173745f726567656e65726174657c693a313537343537343534323b4642524c485f73746174657c733a33323a223332646264323865393064303638393934653836323137316437613630613938223b66625f69647c733a303a22223b66625f6e616d657c733a303a22223b66625f656d61696c7c733a303a22223b),
('j37kght9cnvopcn198bqpajd9i7tdteg', '66.249.68.24', 1574573631, 0x5f5f63695f6c6173745f726567656e65726174657c693a313537343537333633313b),
('5bk11kfnf5taq8sv89el8djrh245a91k', '184.22.211.73', 1574574549, 0x5f5f63695f6c6173745f726567656e65726174657c693a313537343537343534323b4642524c485f73746174657c733a33323a223332646264323865393064303638393934653836323137316437613630613938223b66625f69647c733a303a22223b66625f6e616d657c733a303a22223b66625f656d61696c7c733a303a22223b),
('3bv36n2iiiepsm19qberbrs1l10i6lnn', '1.47.193.88', 1574577838, 0x5f5f63695f6c6173745f726567656e65726174657c693a313537343537373831373b4642524c485f73746174657c733a33323a223532353039653834356232356333306136303739633338386434353531666431223b61646d696e5f69647c733a313a2233223b61646d696e5f757365726e616d657c733a353a2261646d696e223b747970657c733a353a2261646d696e223b66625f69647c733a303a22223b66625f6e616d657c733a303a22223b66625f656d61696c7c733a303a22223b),
('egqu7chivfv8hu8milettsbi645coijh', '1.46.75.149', 1574583570, 0x5f5f63695f6c6173745f726567656e65726174657c693a313537343538333537303b),
('jiahc0rm2qn6m4dc7apbutpueh92qd5t', '1.46.75.149', 1574579137, 0x5f5f63695f6c6173745f726567656e65726174657c693a313537343537393133373b),
('7r0rhalp3e2s3bkq9ajq6hcv0nei8mr8', '1.46.75.149', 1574579256, 0x5f5f63695f6c6173745f726567656e65726174657c693a313537343537393133373b4642524c485f73746174657c733a33323a226635326264353166353563353339616532343335343933633536643536623933223b66625f69647c733a303a22223b66625f6e616d657c733a303a22223b66625f656d61696c7c733a303a22223b),
('oq42q1j2rlaruqb6rsr3nh9507qmk2hi', '66.249.79.219', 1574580238, 0x5f5f63695f6c6173745f726567656e65726174657c693a313537343538303233383b),
('cihnlrt1gacpamt7m5t0kh4tskq420nj', '1.46.75.149', 1574583570, 0x5f5f63695f6c6173745f726567656e65726174657c693a313537343538333537303b),
('925492i2qlg7ai5fv00qm7k3aaenk6q3', '184.22.217.86', 1574586796, 0x5f5f63695f6c6173745f726567656e65726174657c693a313537343538363739363b),
('v774232j4pj5krfno9vppts64b99krl1', '184.22.217.86', 1574587054, 0x5f5f63695f6c6173745f726567656e65726174657c693a313537343538363830353b4642524c485f73746174657c733a33323a226536383936623435343037636561613165656630643861626638323061333735223b66625f69647c733a303a22223b66625f6e616d657c733a303a22223b66625f656d61696c7c733a303a22223b),
('u0sqk84n5if5uujeeq9id0b0cai324bi', '184.22.210.240', 1574593869, 0x5f5f63695f6c6173745f726567656e65726174657c693a313537343539333836393b),
('k8883l35gs6fcpdbvkekll32o57fhpjj', '184.22.210.240', 1574587369, 0x5f5f63695f6c6173745f726567656e65726174657c693a313537343538373336393b4642524c485f73746174657c733a33323a226436316336326365636461653565373066613263326634323831313935623465223b66625f69647c733a303a22223b66625f6e616d657c733a343a22506f6e64223b66625f656d61696c7c733a32343a22706f6e645f7072697661746540686f746d61696c2e636f6d223b757365725f69647c693a3137333b707265746573747c693a303b),
('uepiu56fusa8uk2c7cgeqae86t1tdt4a', '1.47.193.88', 1574587189, 0x5f5f63695f6c6173745f726567656e65726174657c693a313537343538373137363b66625f69647c733a303a22223b66625f6e616d657c733a333a22e0b8b3223b66625f656d61696c7c733a333a22e0b8b3223b4642524c485f73746174657c733a33323a223736656539396433633866663664643536643633666164666466643263393738223b757365725f69647c693a3137323b707265746573747c693a303b),
('42pklqjocm5m7ot56mdpp4n658bjvdg1', '54.218.53.3', 1574587283, 0x5f5f63695f6c6173745f726567656e65726174657c693a313537343538373238333b),
('dqqp1j8riscuj3bhnvj3sdmirr0hfm5e', '184.22.210.240', 1574587793, 0x5f5f63695f6c6173745f726567656e65726174657c693a313537343538373739333b4642524c485f73746174657c733a33323a226436316336326365636461653565373066613263326634323831313935623465223b66625f69647c733a303a22223b66625f6e616d657c733a343a22506f6e64223b66625f656d61696c7c733a32343a22706f6e645f7072697661746540686f746d61696c2e636f6d223b757365725f69647c693a3137333b707265746573747c693a303b),
('0j4p8va5stu86nc67kepj2rhjm64mscb', '184.22.216.62', 1574588174, 0x5f5f63695f6c6173745f726567656e65726174657c693a313537343538383137343b4642524c485f73746174657c733a33323a223865323634363536363437653766383930366265323631636561383139353031223b757365725f69647c733a333a22313734223b66625f69647c733a303a22223b66625f6e616d657c733a333a224a6179223b66625f656d61696c7c733a32323a2273757261646563682e64406e69656d732e676f2e7468223b),
('3c8vveg11qdr6gg5fqm67qtnuvj67551', '184.22.210.240', 1574588146, 0x5f5f63695f6c6173745f726567656e65726174657c693a313537343538383134363b4642524c485f73746174657c733a33323a226235643737626366356335363330643431633661366534343830343732646166223b757365725f69647c733a333a22313733223b66625f69647c733a303a22223b66625f6e616d657c733a343a22506f6e64223b66625f656d61696c7c733a32343a22706f6e645f7072697661746540686f746d61696c2e636f6d223b),
('cjtq8hgip2n4jokggr5pbnlffc9ls5s0', '184.22.210.240', 1574589095, 0x5f5f63695f6c6173745f726567656e65726174657c693a313537343538393039353b4642524c485f73746174657c733a33323a226235643737626366356335363330643431633661366534343830343732646166223b757365725f69647c733a333a22313733223b66625f69647c733a303a22223b66625f6e616d657c733a343a22506f6e64223b66625f656d61696c7c733a32343a22706f6e645f7072697661746540686f746d61696c2e636f6d223b),
('p25m0rq6cg520fkldt4jcjae2fdadfic', '184.22.216.62', 1574588553, 0x5f5f63695f6c6173745f726567656e65726174657c693a313537343538383535333b4642524c485f73746174657c733a33323a223865323634363536363437653766383930366265323631636561383139353031223b757365725f69647c733a333a22313734223b66625f69647c733a303a22223b66625f6e616d657c733a333a224a6179223b66625f656d61696c7c733a32323a2273757261646563682e64406e69656d732e676f2e7468223b),
('c70khgrigups0e0trcgvbl3h0o5tlok4', '184.22.216.62', 1574589132, 0x5f5f63695f6c6173745f726567656e65726174657c693a313537343538393133323b4642524c485f73746174657c733a33323a223434376262353338376561633630396632316563306463656134306434303663223b757365725f69647c733a323a223937223b66625f69647c733a303a22223b66625f6e616d657c733a31383a22e0b8aae0b8b8e0b8a3e0b980e0b894e0b88a223b66625f656d61696c7c733a32333a2273757261646563682e6a35313140676d61696c2e636f6d223b),
('rviu62d85bes60ovuq7vkrvaptu5v98s', '184.22.216.210', 1574589095, 0x5f5f63695f6c6173745f726567656e65726174657c693a313537343538393039353b4642524c485f73746174657c733a33323a226235643737626366356335363330643431633661366534343830343732646166223b757365725f69647c733a333a22313733223b66625f69647c733a303a22223b66625f6e616d657c733a343a22506f6e64223b66625f656d61696c7c733a32343a22706f6e645f7072697661746540686f746d61696c2e636f6d223b),
('mdcoot9fnmq31lsge5gjp5qjnokchr6e', '184.22.216.62', 1574589649, 0x5f5f63695f6c6173745f726567656e65726174657c693a313537343538393634393b4642524c485f73746174657c733a33323a223434376262353338376561633630396632316563306463656134306434303663223b757365725f69647c733a323a223937223b66625f69647c733a303a22223b66625f6e616d657c733a31383a22e0b8aae0b8b8e0b8a3e0b980e0b894e0b88a223b66625f656d61696c7c733a32333a2273757261646563682e6a35313140676d61696c2e636f6d223b),
('2f2pf9lfkjjohd14hbg4oi669p12kfuj', '184.22.216.62', 1574589997, 0x5f5f63695f6c6173745f726567656e65726174657c693a313537343538393939373b4642524c485f73746174657c733a33323a223762616638383765336539383963656365343364353661316266343231633461223b757365725f69647c733a323a223937223b66625f69647c733a303a22223b66625f6e616d657c733a31383a22e0b8aae0b8b8e0b8a3e0b980e0b894e0b88a223b66625f656d61696c7c733a32333a2273757261646563682e6a35313140676d61696c2e636f6d223b),
('4gq66a0si57ppv1qm4e139ortrtceq34', '184.22.216.62', 1574591152, 0x5f5f63695f6c6173745f726567656e65726174657c693a313537343539313135323b),
('t69ddi6ehugr74vhg5la4h2oqfani1c0', '184.22.216.62', 1574591496, 0x5f5f63695f6c6173745f726567656e65726174657c693a313537343539313439363b),
('60mph5q4dm29u4qjosklej3kms13j39g', '18.237.137.233', 1574591244, 0x5f5f63695f6c6173745f726567656e65726174657c693a313537343539313234343b),
('ej3rg9vj9f8nlh998007p69nhr7np40c', '184.22.216.62', 1574591496, 0x5f5f63695f6c6173745f726567656e65726174657c693a313537343539313439363b),
('3k8fma1u1n9fokdjg3h13m6kebtaboih', '66.249.68.22', 1574592697, 0x5f5f63695f6c6173745f726567656e65726174657c693a313537343539323639373b),
('553ca1tif6tbjieovs3jllm4s9phmi0d', '66.249.68.20', 1574592717, 0x5f5f63695f6c6173745f726567656e65726174657c693a313537343539323731373b),
('03mi61vgibfbgdrufouj61jilfcn37vf', '66.249.68.24', 1574592734, 0x5f5f63695f6c6173745f726567656e65726174657c693a313537343539323733343b),
('b7fqqudsckagc1bggee62c262ofeht4a', '66.249.68.20', 1574592913, 0x5f5f63695f6c6173745f726567656e65726174657c693a313537343539323931333b),
('sv2ptb6kqj7t9ddb9g6b49r285sodbff', '184.22.219.87', 1574593888, 0x5f5f63695f6c6173745f726567656e65726174657c693a313537343539333836393b),
('69etcinbldps6ue9i2dvbtmo7oud0n1s', '1.47.193.88', 1574594703, 0x5f5f63695f6c6173745f726567656e65726174657c693a313537343539343730333b),
('87fgig4n52qkinf8ffad9se9qhv3serd', '1.47.193.88', 1574594975, 0x5f5f63695f6c6173745f726567656e65726174657c693a313537343539343936343b4642524c485f73746174657c733a33323a223961633565333738626462393266306332623736626538653433366436663230223b66625f69647c733a303a22223b66625f6e616d657c733a333a22e0b89e223b66625f656d61696c7c733a333a22e0b89e223b757365725f69647c693a3137373b707265746573747c693a303b636c6173735f726f6f6d7c733a333a22e0b89e223b726f6f6d5f6e6f7c733a333a22e0b89e223b7363686f6f6c7c733a333a22e0b89e223b),
('4hn08h2sub9tu2closh81r1et8rq5j7l', '184.22.210.23', 1574597151, 0x5f5f63695f6c6173745f726567656e65726174657c693a313537343539373135313b4642524c485f73746174657c733a33323a223261643338373861383338383035306136666262613761326638343664333561223b757365725f69647c733a333a22313733223b66625f69647c733a303a22223b66625f6e616d657c733a343a22506f6e64223b636c6173735f726f6f6d7c4e3b726f6f6d5f6e6f7c733a313a2235223b7363686f6f6c7c733a333a22466f72223b66625f656d61696c7c733a32343a22706f6e645f7072697661746540686f746d61696c2e636f6d223b),
('escdct927nva6tjf2ifkne5vf1i6gdsg', '184.22.210.23', 1574597864, 0x5f5f63695f6c6173745f726567656e65726174657c693a313537343539373836343b4642524c485f73746174657c733a33323a226662393663363536386463336465313935643138386637386337653239343264223b61646d696e5f69647c733a313a2233223b61646d696e5f757365726e616d657c733a353a2261646d696e223b747970657c733a353a2261646d696e223b),
('42s1fqghg390u0rgsm4gdfhivj34phfo', '52.90.235.182', 1574597973, 0x5f5f63695f6c6173745f726567656e65726174657c693a313537343539373937333b),
('loit9d9tlg6jdig4gl3ka7oa0bqcdfar', '184.22.219.211', 1574601527, 0x5f5f63695f6c6173745f726567656e65726174657c693a313537343630313532373b),
('p1undadrjj1k1q0k0au8qsjo459lf9oe', '184.22.212.81', 1574606934, 0x5f5f63695f6c6173745f726567656e65726174657c693a313537343630363933323b),
('fn22d63gli41djbs7clfc5h6htc8ad2f', '66.249.68.22', 1574601948, 0x5f5f63695f6c6173745f726567656e65726174657c693a313537343630313934383b),
('gg7eh616hinu4i4dhbiunhmvu47tam2f', '18.206.159.236', 1574602235, 0x5f5f63695f6c6173745f726567656e65726174657c693a313537343630323233353b),
('7u7g9etaldee8ghclsg669ku13jhndgt', '34.217.128.211', 1574603596, 0x5f5f63695f6c6173745f726567656e65726174657c693a313537343630333539363b),
('eff1bo0n5mqv8m6metikvcdn37rlk8on', '1.47.166.51', 1574608473, 0x5f5f63695f6c6173745f726567656e65726174657c693a313537343630383437333b4642524c485f73746174657c733a33323a223461613932323637666430613635613636633365353335626166616430306230223b61646d696e5f69647c733a313a2233223b61646d696e5f757365726e616d657c733a353a2261646d696e223b747970657c733a353a2261646d696e223b),
('77f54hcsc6s4igr7t4akkdd7jg73prvh', '184.22.219.148', 1574606865, 0x5f5f63695f6c6173745f726567656e65726174657c693a313537343630363836353b),
('od7u42dhbif1kjv3eolbubpgag6uelb8', '184.22.212.81', 1574608546, 0x5f5f63695f6c6173745f726567656e65726174657c693a313537343630383534363b4642524c485f73746174657c733a33323a223032306339656463663634356430306337333164633138306632356264313437223b66625f69647c733a303a22223b66625f6e616d657c733a303a22223b66625f656d61696c7c733a303a22223b),
('vqu13vloj9r272urbd75hfouu2eiirmt', '1.47.166.51', 1574609038, 0x5f5f63695f6c6173745f726567656e65726174657c693a313537343630393033383b4642524c485f73746174657c733a33323a223434313231363637393332313030333662366565393266613632636537666665223b757365725f69647c733a333a22313730223b66625f69647c733a303a22223b66625f6e616d657c733a313a2271223b636c6173735f726f6f6d7c4e3b726f6f6d5f6e6f7c733a313a2271223b7363686f6f6c7c733a313a2271223b66625f656d61696c7c733a313a2271223b),
('mg8b2dhc85ftfdb5udtnd3u8a9qlo7fe', '184.22.212.81', 1574608657, 0x5f5f63695f6c6173745f726567656e65726174657c693a313537343630383634303b4642524c485f73746174657c733a33323a223733346436336264616366613431316234663665643834666263366133313038223b757365725f69647c733a333a22313733223b66625f69647c733a303a22223b66625f6e616d657c733a343a22506f6e64223b636c6173735f726f6f6d7c4e3b726f6f6d5f6e6f7c733a313a2235223b7363686f6f6c7c733a333a22466f72223b66625f656d61696c7c733a32343a22706f6e645f7072697661746540686f746d61696c2e636f6d223b),
('17itq42n74buc8vcqk8h6hbh0g69bkvu', '1.47.166.51', 1574610074, 0x5f5f63695f6c6173745f726567656e65726174657c693a313537343631303037343b4642524c485f73746174657c733a33323a223434313231363637393332313030333662366565393266613632636537666665223b757365725f69647c733a333a22313730223b66625f69647c733a303a22223b66625f6e616d657c733a313a2271223b636c6173735f726f6f6d7c4e3b726f6f6d5f6e6f7c733a313a2271223b7363686f6f6c7c733a313a2271223b66625f656d61696c7c733a313a2271223b),
('trpdktiufv5lift4nl698kokjft011j5', '1.47.166.51', 1574610122, 0x5f5f63695f6c6173745f726567656e65726174657c693a313537343631303130383b4642524c485f73746174657c733a33323a223261373532333639303736373062363163313038363131666436313231326536223b61646d696e5f69647c733a313a2233223b61646d696e5f757365726e616d657c733a353a2261646d696e223b747970657c733a353a2261646d696e223b),
('s98iub1g8ovaii0mihedlgf4h4b9h53b', '66.249.68.22', 1574610489, 0x5f5f63695f6c6173745f726567656e65726174657c693a313537343631303438393b),
('2h67hpcc8p00phr4qib38c8bhnqvm57n', '159.89.111.196', 1574613632, 0x5f5f63695f6c6173745f726567656e65726174657c693a313537343631333633323b),
('3kdglbsa46b7bnr367mng29jopm455o6', '66.249.79.219', 1574623448, 0x5f5f63695f6c6173745f726567656e65726174657c693a313537343632333434383b),
('o9f8o0on4bbvmc1cmuhmsg2o3ah8gs5f', '45.56.116.155', 1574632040, 0x5f5f63695f6c6173745f726567656e65726174657c693a313537343633323034303b),
('2g95jnd3a38h2qfq17q5gapd2ckhj5hb', '45.56.116.155', 1574632050, 0x5f5f63695f6c6173745f726567656e65726174657c693a313537343633323035303b),
('u2jjnmlgn60rcshabjb32h37pjaogdtt', '45.56.116.155', 1574632050, 0x5f5f63695f6c6173745f726567656e65726174657c693a313537343633323035303b),
('s66orsitcu7s3na26jffgji5deq4jl41', '45.56.116.155', 1574632051, 0x5f5f63695f6c6173745f726567656e65726174657c693a313537343633323035313b),
('8a37edes4kthrl7vmjmm795auhptgss1', '45.56.116.155', 1574632051, 0x5f5f63695f6c6173745f726567656e65726174657c693a313537343633323035313b),
('ves4s8q9u3gm3hp7gvlv2vii3ghs9nlf', '45.56.116.155', 1574632052, 0x5f5f63695f6c6173745f726567656e65726174657c693a313537343633323035323b4642524c485f73746174657c733a33323a223833343865653465333631633132376532376661393733363434313034313633223b),
('cr43431i250ikj3snftbiseg95a23orq', '64.233.173.182', 1574641847, 0x5f5f63695f6c6173745f726567656e65726174657c693a313537343634313637323b4642524c485f73746174657c733a33323a223633303039633736316538636430366135336266343861323961366433343237223b757365725f69647c733a323a223937223b66625f69647c733a303a22223b66625f6e616d657c733a31383a22e0b8aae0b8b8e0b8a3e0b980e0b894e0b88a223b636c6173735f726f6f6d7c4e3b726f6f6d5f6e6f7c733a303a22223b7363686f6f6c7c733a303a22223b66625f656d61696c7c733a32333a2273757261646563682e6a35313140676d61696c2e636f6d223b),
('fatok88gmr7kkoga368of8qcdt5lurui', '66.249.68.20', 1574644282, 0x5f5f63695f6c6173745f726567656e65726174657c693a313537343634343238323b),
('sopau5lilu21vfg7jr4aigt0k88vlj05', '66.249.79.219', 1574657568, 0x5f5f63695f6c6173745f726567656e65726174657c693a313537343635373536383b),
('43319pdcrj3kdk8obpk150er7mdgfs67', '118.173.233.242', 1574659296, 0x5f5f63695f6c6173745f726567656e65726174657c693a313537343635393235373b4642524c485f73746174657c733a33323a223662656361663330653630313364646531383165346637306462633061663663223b757365725f69647c733a323a223937223b66625f69647c733a303a22223b66625f6e616d657c733a31383a22e0b8aae0b8b8e0b8a3e0b980e0b894e0b88a223b636c6173735f726f6f6d7c4e3b726f6f6d5f6e6f7c733a303a22223b7363686f6f6c7c733a303a22223b66625f656d61696c7c733a32333a2273757261646563682e6a35313140676d61696c2e636f6d223b),
('kd4rvqlgrvqih8agsstvoptetf55uerm', '23.239.180.71', 1574670973, 0x5f5f63695f6c6173745f726567656e65726174657c693a313537343637303937333b),
('oabprm8tprgvnc2sk1o67ckctlhvfpv5', '54.186.239.12', 1574671031, 0x5f5f63695f6c6173745f726567656e65726174657c693a313537343637313033313b),
('eurbc3t5v6elbg0cqt0g1t9bssb1dv9n', '110.170.47.44', 1574671659, 0x5f5f63695f6c6173745f726567656e65726174657c693a313537343637313635393b4642524c485f73746174657c733a33323a226364613539383230353533623263626361643436303536333936303966336662223b757365725f69647c733a333a22313733223b66625f69647c733a303a22223b66625f6e616d657c733a343a22506f6e64223b636c6173735f726f6f6d7c4e3b726f6f6d5f6e6f7c733a313a2235223b7363686f6f6c7c733a333a22466f72223b66625f656d61696c7c733a32343a22706f6e645f7072697661746540686f746d61696c2e636f6d223b),
('bergjtu1jgoi6qfpo506hdvqmbjovaom', '110.170.47.44', 1574671973, 0x5f5f63695f6c6173745f726567656e65726174657c693a313537343637313937333b4642524c485f73746174657c733a33323a226364613539383230353533623263626361643436303536333936303966336662223b757365725f69647c733a333a22313733223b66625f69647c733a303a22223b66625f6e616d657c733a343a22506f6e64223b636c6173735f726f6f6d7c4e3b726f6f6d5f6e6f7c733a313a2235223b7363686f6f6c7c733a333a22466f72223b66625f656d61696c7c733a32343a22706f6e645f7072697661746540686f746d61696c2e636f6d223b),
('bmf0r78juins8hk9aoc2ejnhlau8nmha', '110.170.47.44', 1574672415, 0x5f5f63695f6c6173745f726567656e65726174657c693a313537343637323431353b4642524c485f73746174657c733a33323a226434393335363138636233653135383036366663396630376461383837326262223b66625f69647c733a303a22223b66625f6e616d657c733a33353a22e0b893e0b8a3e0b887e0b884e0b98c2020e0b896e0b8b2e0b884e0b8b3e0b8a1e0b8b5223b66625f656d61696c7c733a32343a22706f6e645f7072697661746540686f746d61696c2e636f6d223b757365725f69647c733a333a22313733223b636c6173735f726f6f6d7c4e3b726f6f6d5f6e6f7c733a313a2235223b7363686f6f6c7c733a33393a22e0b982e0b8a3e0b887e0b980e0b8a3e0b8b5e0b8a2e0b899e0b8aae0b8b2e0b898e0b8b4e0b895223b),
('418cabgr33qp7p2oltb9rh0tplt2ge0i', '110.170.47.44', 1574673952, 0x5f5f63695f6c6173745f726567656e65726174657c693a313537343637333935323b4642524c485f73746174657c733a33323a223135303931633432326231396265303736323463643536383966333866626332223b6572726f727c733a36353a22e0b8ade0b8b5e0b980e0b8a1e0b8a5e0b98c20e0b8abe0b8a3e0b8b7e0b8ad20e0b8a3e0b8abe0b8b1e0b8aae0b89ce0b988e0b8b2e0b899e0b89ce0b8b4e0b894223b5f5f63695f766172737c613a313a7b733a353a226572726f72223b733a333a226f6c64223b7d),
('6beh8ao7umfjgu0glioi6qslqt4h9obd', '110.170.47.44', 1574674216, 0x5f5f63695f6c6173745f726567656e65726174657c693a313537343637333935323b4642524c485f73746174657c733a33323a223135303931633432326231396265303736323463643536383966333866626332223b757365725f69647c733a333a22313733223b66625f69647c733a303a22223b66625f6e616d657c733a33353a22e0b893e0b8a3e0b887e0b884e0b98c2020e0b896e0b8b2e0b884e0b8b3e0b8a1e0b8b5223b636c6173735f726f6f6d7c4e3b726f6f6d5f6e6f7c733a313a2231223b7363686f6f6c7c733a33393a22e0b982e0b8a3e0b887e0b980e0b8a3e0b8b5e0b8a2e0b899e0b8aae0b8b2e0b898e0b8b4e0b895223b66625f656d61696c7c733a32343a22706f6e645f7072697661746540686f746d61696c2e636f6d223b),
('9qbl1kp5mt1kjnu3eg6tcs009t1cvhmc', '104.222.33.110', 1574686218, 0x5f5f63695f6c6173745f726567656e65726174657c693a313537343638363231383b),
('k7gouibsn5i9ik20nuj74o3e94c3vgt3', '184.22.211.213', 1574687030, 0x5f5f63695f6c6173745f726567656e65726174657c693a313537343638373033303b4642524c485f73746174657c733a33323a223362346638636436336262656135633634373030313366353031303338373334223b757365725f69647c733a333a22313734223b66625f69647c733a303a22223b66625f6e616d657c733a333a224a6179223b636c6173735f726f6f6d7c4e3b726f6f6d5f6e6f7c733a313a2234223b7363686f6f6c7c733a32313a22e0b897e0b988e0b8b2e0b897e0b8a3e0b8b2e0b8a2223b66625f656d61696c7c733a32323a2273757261646563682e64406e69656d732e676f2e7468223b),
('4m6vi5u04c6ua8g0u07c1nlcjkt3f929', '184.22.211.213', 1574689986, 0x5f5f63695f6c6173745f726567656e65726174657c693a313537343638393938363b4642524c485f73746174657c733a33323a223362346638636436336262656135633634373030313366353031303338373334223b757365725f69647c733a333a22313734223b66625f69647c733a303a22223b66625f6e616d657c733a333a224a6179223b636c6173735f726f6f6d7c4e3b726f6f6d5f6e6f7c733a313a2234223b7363686f6f6c7c733a32313a22e0b897e0b988e0b8b2e0b897e0b8a3e0b8b2e0b8a2223b66625f656d61696c7c733a32323a2273757261646563682e64406e69656d732e676f2e7468223b),
('8nosfssf91ec61nt3nc0ssb272aoivg0', '147.92.137.171', 1574687490, 0x5f5f63695f6c6173745f726567656e65726174657c693a313537343638373439303b),
('dv0jrf1jnuq37vvhjpaeg1hud1ujph8u', '1.46.79.79', 1574689803, 0x5f5f63695f6c6173745f726567656e65726174657c693a313537343638393830333b),
('7g0cc223kimg41d65bbda3f50d4i8gns', '1.46.79.79', 1574689805, 0x5f5f63695f6c6173745f726567656e65726174657c693a313537343638393830353b4642524c485f73746174657c733a33323a226131633562636636343732653237663830363837393137613637653461333831223b757365725f69647c733a333a22313730223b66625f69647c733a303a22223b66625f6e616d657c733a313a2271223b636c6173735f726f6f6d7c4e3b726f6f6d5f6e6f7c733a313a2271223b7363686f6f6c7c733a313a2271223b66625f656d61696c7c733a313a2271223b),
('rsj4skpiorhgp6jg35cqluqdjbr3054g', '1.46.79.79', 1574689803, 0x5f5f63695f6c6173745f726567656e65726174657c693a313537343638393830333b),
('rccen92fi9hrep80m36jqm4telm2otev', '1.46.79.79', 1574690523, 0x5f5f63695f6c6173745f726567656e65726174657c693a313537343639303532333b4642524c485f73746174657c733a33323a223638386665386133383937316538613766373537376335633138393633643235223b757365725f69647c733a333a22313733223b66625f69647c733a303a22223b66625f6e616d657c733a33353a22e0b893e0b8a3e0b887e0b884e0b98c2020e0b896e0b8b2e0b884e0b8b3e0b8a1e0b8b5223b636c6173735f726f6f6d7c733a313a2235223b726f6f6d5f6e6f7c733a313a2231223b7363686f6f6c7c733a33393a22e0b982e0b8a3e0b887e0b980e0b8a3e0b8b5e0b8a2e0b899e0b8aae0b8b2e0b898e0b8b4e0b895223b66625f656d61696c7c733a32343a22706f6e645f7072697661746540686f746d61696c2e636f6d223b),
('d88neabhl2tm0mv1hp08iafahfoedu7a', '184.22.214.197', 1574690175, 0x5f5f63695f6c6173745f726567656e65726174657c693a313537343639303032333b4642524c485f73746174657c733a33323a223632313734323662383333306336346638616163643039633561383139316630223b757365725f69647c733a333a22313733223b66625f69647c733a303a22223b66625f6e616d657c733a33353a22e0b893e0b8a3e0b887e0b884e0b98c2020e0b896e0b8b2e0b884e0b8b3e0b8a1e0b8b5223b636c6173735f726f6f6d7c733a313a2235223b726f6f6d5f6e6f7c733a313a2231223b7363686f6f6c7c733a33393a22e0b982e0b8a3e0b887e0b980e0b8a3e0b8b5e0b8a2e0b899e0b8aae0b8b2e0b898e0b8b4e0b895223b66625f656d61696c7c733a32343a22706f6e645f7072697661746540686f746d61696c2e636f6d223b),
('vbbo9c4l53fb567veg1kd1p31e0i78i7', '1.46.79.79', 1574690523, 0x5f5f63695f6c6173745f726567656e65726174657c693a313537343639303532333b4642524c485f73746174657c733a33323a223638386665386133383937316538613766373537376335633138393633643235223b757365725f69647c733a333a22313733223b66625f69647c733a303a22223b66625f6e616d657c733a33353a22e0b893e0b8a3e0b887e0b884e0b98c2020e0b896e0b8b2e0b884e0b8b3e0b8a1e0b8b5223b636c6173735f726f6f6d7c733a313a2235223b726f6f6d5f6e6f7c733a313a2231223b7363686f6f6c7c733a33393a22e0b982e0b8a3e0b887e0b980e0b8a3e0b8b5e0b8a2e0b899e0b8aae0b8b2e0b898e0b8b4e0b895223b66625f656d61696c7c733a32343a22706f6e645f7072697661746540686f746d61696c2e636f6d223b),
('qvsigueoi11ehm2fkre7cfnm3hgcok32', '66.249.68.24', 1574692831, 0x5f5f63695f6c6173745f726567656e65726174657c693a313537343639323833313b),
('vbcinjfli196s69qf7aapl8pnu9s1sts', '66.249.79.215', 1574693661, 0x5f5f63695f6c6173745f726567656e65726174657c693a313537343639333636313b),
('1hda85vj718ebhmsefit1jlvd4mh3rvi', '66.249.68.22', 1574717996, 0x5f5f63695f6c6173745f726567656e65726174657c693a313537343731373939363b),
('ueckb3cl5sikr3ln8lu8736fqbfok6gi', '3.83.135.132', 1574721713, 0x5f5f63695f6c6173745f726567656e65726174657c693a313537343732313731333b),
('00dbrp07m0fuu4gl5ijdvkb6ircnrm2c', '66.249.79.219', 1574727531, 0x5f5f63695f6c6173745f726567656e65726174657c693a313537343732373533313b),
('805aaen9raecac3hjich954kn1u0sas0', '54.229.181.55', 1574747636, 0x5f5f63695f6c6173745f726567656e65726174657c693a313537343734373633363b),
('r90op1f542i8lj5s05dinfqsricm6o5u', '66.249.68.20', 1574748560, 0x5f5f63695f6c6173745f726567656e65726174657c693a313537343734383536303b),
('rvi8kqr578nt6kajea03a9os2drskr97', '66.249.68.24', 1574749335, 0x5f5f63695f6c6173745f726567656e65726174657c693a313537343734393333353b4642524c485f73746174657c733a33323a223930386265653439313566336133613462383235326665666235636438623538223b),
('8aq6597micakbr4atr2nq9vbsgui30he', '110.170.47.2', 1574750834, 0x5f5f63695f6c6173745f726567656e65726174657c693a313537343735303833343b),
('icvmsrlutvoflf8svn4f1sdf3cghnmr3', '110.170.47.2', 1574750837, 0x5f5f63695f6c6173745f726567656e65726174657c693a313537343735303833373b),
('e4be4ajshc2fnjdv36d16ne78bfofjnj', '23.226.211.62', 1574750845, 0x5f5f63695f6c6173745f726567656e65726174657c693a313537343735303834353b),
('rhic4mvvor57tfaici4qk7ubi50jfr58', '52.11.192.74', 1574757896, 0x5f5f63695f6c6173745f726567656e65726174657c693a313537343735373839363b),
('rlaorhfs7utarvuep9ppk4jgfri0bp50', '66.249.79.215', 1574764023, 0x5f5f63695f6c6173745f726567656e65726174657c693a313537343736343032333b),
('v3aa50mn0vuqvmbves16v1l3c92fa2ij', '66.249.68.20', 1574765444, 0x5f5f63695f6c6173745f726567656e65726174657c693a313537343736353434343b),
('0v4bvgs4unpfbl5dlea01e20u0fbf1ia', '66.249.68.20', 1574765445, 0x5f5f63695f6c6173745f726567656e65726174657c693a313537343736353434353b66625f69647c733a303a22223b66625f6e616d657c733a303a22223b66625f656d61696c7c733a303a22223b),
('vl7t4e92l7r5lkl5npri34ui62s6fhu1', '66.249.68.20', 1574765530, 0x5f5f63695f6c6173745f726567656e65726174657c693a313537343736353533303b),
('ps73nurf3uq2ap22dcno16uc71pp6p9t', '66.249.68.24', 1574767247, 0x5f5f63695f6c6173745f726567656e65726174657c693a313537343736373234373b),
('rju1pehast4pokrkb1rhn9i37n6e84of', '66.249.79.217', 1574776645, 0x5f5f63695f6c6173745f726567656e65726174657c693a313537343737363634353b),
('ddfqorosu6ch2dddj47lhb1bcj7e0a22', '66.249.68.24', 1574781963, 0x5f5f63695f6c6173745f726567656e65726174657c693a313537343738313936333b),
('e6p5f8s76ajkvrqgi8ujn763afu47i2u', '66.249.68.22', 1574783087, 0x5f5f63695f6c6173745f726567656e65726174657c693a313537343738333038373b4642524c485f73746174657c733a33323a223533633132313033633933306162643066343566646234306133656562303139223b),
('4vgnp38f30lad6kjum2n3keckpe8alpl', '66.249.68.20', 1574787533, 0x5f5f63695f6c6173745f726567656e65726174657c693a313537343738373533333b),
('cs0ocj3eaoug9pd20kf5jn2vdvsblpu5', '66.249.68.22', 1574791980, 0x5f5f63695f6c6173745f726567656e65726174657c693a313537343739313938303b),
('lfh8p35q0hj0u1592fouvi5gf28e0v4e', '66.249.79.217', 1574796228, 0x5f5f63695f6c6173745f726567656e65726174657c693a313537343739363232383b),
('pkc9l7pc136vja28qbvhqkkb9qvtuq03', '66.249.68.20', 1574797138, 0x5f5f63695f6c6173745f726567656e65726174657c693a313537343739373133383b),
('e21l5amuldjrpp16sq39didgaogs4eug', '104.222.43.97', 1574799894, 0x5f5f63695f6c6173745f726567656e65726174657c693a313537343739393839343b),
('3j0vccl1euq1btcbimmuh42jus6251ko', '66.249.68.20', 1574806415, 0x5f5f63695f6c6173745f726567656e65726174657c693a313537343830363431353b),
('gmq15ba3c7vkd9cu2l5msoap6eijqnq1', '66.249.68.20', 1574810316, 0x5f5f63695f6c6173745f726567656e65726174657c693a313537343831303331363b66625f69647c733a303a22223b66625f6e616d657c733a303a22223b66625f656d61696c7c733a303a22223b),
('mignhpg8vhts8rrojgm4hrf90klhnf1b', '66.249.68.24', 1574813324, 0x5f5f63695f6c6173745f726567656e65726174657c693a313537343831333332343b),
('j1jb0vm4rc9oj7i2vuarhplo8c0kvrj5', '193.128.114.43', 1574813690, 0x5f5f63695f6c6173745f726567656e65726174657c693a313537343831333639303b),
('7aocdu6k9oesn66prhhm6v20vm6beghe', '66.249.68.22', 1574815134, 0x5f5f63695f6c6173745f726567656e65726174657c693a313537343831353133343b),
('8ji9nvvjlggp41mkc1orcujospf7fmk4', '202.176.127.67', 1574825215, 0x5f5f63695f6c6173745f726567656e65726174657c693a313537343832353137383b),
('but4ahk53bvgv3s141lqdlb3supt6d7q', '54.167.246.22', 1574825285, 0x5f5f63695f6c6173745f726567656e65726174657c693a313537343832353238353b),
('t0m21a3mop73qhfaqutbj6702l6qu66d', '66.249.79.217', 1574828664, 0x5f5f63695f6c6173745f726567656e65726174657c693a313537343832383636343b),
('vun08m921lffc7tucqdk9p7q7aip592l', '66.249.68.20', 1574846052, 0x5f5f63695f6c6173745f726567656e65726174657c693a313537343834363035323b),
('udiiquu3odeimiha799i9447dctqneba', '182.232.179.205', 1574847005, 0x5f5f63695f6c6173745f726567656e65726174657c693a313537343834373030353b),
('4li5sugkoq3ivcbs8amn4gf9jp3h8hc0', '147.92.137.175', 1574847028, 0x5f5f63695f6c6173745f726567656e65726174657c693a313537343834373032383b),
('340801aksfuugal0lmin4rsvrp0t11ro', '182.232.179.205', 1574847049, 0x5f5f63695f6c6173745f726567656e65726174657c693a313537343834373034393b),
('2osacse1l2s18qh5dvpap852nl5d3qi0', '182.232.179.205', 1574847058, 0x5f5f63695f6c6173745f726567656e65726174657c693a313537343834373035383b),
('2647o06iutkrtgkh3jh28hfvchtdck8h', '124.122.86.232', 1574862014, 0x5f5f63695f6c6173745f726567656e65726174657c693a313537343836323031343b),
('ghl6ppk9pqdht22dc4spqefar1melahd', '124.122.86.232', 1574862035, 0x5f5f63695f6c6173745f726567656e65726174657c693a313537343836323032343b),
('7l75mkmders69bfhmod3l4fej9oa54i7', '66.249.79.219', 1574867595, 0x5f5f63695f6c6173745f726567656e65726174657c693a313537343836373539353b),
('8qe00p2egduk6iuj32sa0q0etufle21p', '66.249.68.24', 1574871213, 0x5f5f63695f6c6173745f726567656e65726174657c693a313537343837313231333b),
('ftvftn1t9c7gvctctkn2ejv67tkssumi', '66.249.68.20', 1574878105, 0x5f5f63695f6c6173745f726567656e65726174657c693a313537343837383130353b),
('fleb1j35ruun0mf0ecdmchs43fphkb6m', '77.222.96.144', 1574885138, 0x5f5f63695f6c6173745f726567656e65726174657c693a313537343838353133383b),
('or9i52e349bpcp7jonn50c7emeai6jbp', '104.222.43.212', 1574888301, 0x5f5f63695f6c6173745f726567656e65726174657c693a313537343838383330313b),
('85jc42g0be8atuci8ltin3ooi4l1ha95', '61.90.156.162', 1574908263, 0x5f5f63695f6c6173745f726567656e65726174657c693a313537343930383236333b);

-- --------------------------------------------------------

--
-- Table structure for table `department`
--

CREATE TABLE `department` (
  `dep_id` int(11) NOT NULL,
  `dep_name` varchar(50) DEFAULT NULL,
  `dep_group` varchar(100) DEFAULT NULL,
  `head_id` int(11) DEFAULT NULL,
  `dep_tel` varchar(50) DEFAULT NULL,
  `dep_fax` varchar(50) DEFAULT NULL,
  `dep_email` varchar(50) DEFAULT NULL,
  `sec_id` int(11) DEFAULT NULL,
  `created_date` datetime DEFAULT NULL,
  `created_by` int(11) DEFAULT NULL,
  `modified_date` datetime DEFAULT NULL,
  `modified_by` int(11) DEFAULT NULL,
  `dep_icon` varchar(50) DEFAULT NULL
) ENGINE=InnoDB DEFAULT CHARSET=utf8;

--
-- Dumping data for table `department`
--

INSERT INTO `department` (`dep_id`, `dep_name`, `dep_group`, `head_id`, `dep_tel`, `dep_fax`, `dep_email`, `sec_id`, `created_date`, `created_by`, `modified_date`, `modified_by`, `dep_icon`) VALUES
(1, 'IT', NULL, NULL, NULL, NULL, NULL, NULL, NULL, NULL, NULL, NULL, 'fa fa-cubes');

-- --------------------------------------------------------

--
-- Table structure for table `examinations`
--

CREATE TABLE `examinations` (
  `id` int(11) NOT NULL,
  `type` int(11) NOT NULL,
  `name` varchar(255) NOT NULL,
  `created_at` timestamp NOT NULL DEFAULT CURRENT_TIMESTAMP ON UPDATE CURRENT_TIMESTAMP
) ENGINE=InnoDB DEFAULT CHARSET=utf8;

--
-- Dumping data for table `examinations`
--

INSERT INTO `examinations` (`id`, `type`, `name`, `created_at`) VALUES
(1, 0, 'หน่วยที่ 1 อาการฉุกเฉินวิกฤตที่ส่งผลต่อต่อชีวิตและอวัยวะสำคัญ', '2019-11-23 14:39:10'),
(2, 0, 'หน่วยที่ 2. การแจ้งเหตุขอความช่วยเหลือ 1669', '2019-11-23 14:39:10'),
(3, 0, 'หน่วยที่ 3. การช่วยเหลือเบื้องต้นและการปฐมพยาบาล', '2019-11-23 14:39:10'),
(4, 0, 'หน่วยที่ 4. การช่วยฟื้นคืนชีพขั้นพื้นฐาน (CPR) และการใช้เครื่องกระตุกหัวใจด้วยไฟฟ้า (AED)', '2019-11-23 14:39:10'),
(5, 0, 'EMS Rally หลังเรียน', '2017-06-09 11:18:21'),
(6, 0, 'อาการฉุกเฉินที่ควรโทรแจ้ง 1699 และอาการฉุกเฉินวิกฤตที่ส่งผลต่อชีวิตและอวัยวะสำคัญ', '2019-11-23 10:27:14');

-- --------------------------------------------------------

--
-- Table structure for table `exam_answer`
--

CREATE TABLE `exam_answer` (
  `id` int(11) NOT NULL,
  `exam_question_id` int(11) NOT NULL,
  `answers` text NOT NULL,
  `correctness` int(11) NOT NULL,
  `created_at` timestamp NOT NULL DEFAULT CURRENT_TIMESTAMP ON UPDATE CURRENT_TIMESTAMP
) ENGINE=InnoDB DEFAULT CHARSET=utf8;

--
-- Dumping data for table `exam_answer`
--

INSERT INTO `exam_answer` (`id`, `exam_question_id`, `answers`, `correctness`, `created_at`) VALUES
(1, 1, 'การบาดเจ็บเนื่องจากอุบัติเหตุบนท้องถนนเท่านั้น', 0, '2019-11-23 15:17:22'),
(2, 1, 'อาการเจ็บป่วยเรื้อรัง เช่น เบาหวาน ความดันโลหิตสูง', 0, '2019-11-23 15:17:22'),
(3, 1, 'อาการที่แสดงให้เห็นเฉพาะการบาดเจ็บที่ชัดเจน เช่น มีเลือดออกรุนแรง ', 0, '2019-11-23 15:17:22'),
(4, 1, 'การได้รับบาดเจ็บหรือมีการเจ็บป่วยกะทันหันที่มีผลต่อชีวิตหรือการทำงานของอวัยวะในร่างกาย', 1, '2019-11-23 15:17:22'),
(5, 2, 'มานะถูกรถกระบะขนกระหล่ำปลีชนกระเด็น ขณะที่ไม่ข้ามถนนบนทางม้าลาย', 0, '2019-11-23 15:17:22'),
(6, 2, 'แม่ของมานีช็อคหมดสติ ภายหลังทำงานเก็บชากลางแจ้งติดต่อกันหลายชั่วโมง', 0, '2019-11-23 15:17:22'),
(7, 2, 'ปิติเป็นโรคกระเพาะอาหารอักเสบเรื้อรัง ไม่หายสักที ต้องไปพบแพทย์เป็นประจำ', 1, '2019-11-23 15:17:22'),
(8, 2, 'ปู่ของชูใจมีอาการปากเบี้ยว แขนขาอ่อนแรง วันนี้ไม่ได้พกยาหอม ยาดมมาด้วย', 0, '2019-11-23 15:17:22'),
(9, 3, 'สิ่งแปลกปลอมอุดตันทางเดินหายใจ, เจ็บแผลที่ปลายนิ้ว, ช็อคหมดสติ', 0, '2019-11-23 15:17:22'),
(10, 3, 'หายใจไม่ออก หน้าเขียว, วิงเวียน คลื่นไส้เมารถ, ตกเลือด', 0, '2019-11-23 15:17:22'),
(11, 3, 'ชักเกร็ง, ปากเบี้ยว แขนขาอ่อนแรง, เกร็งตัวเมื่อโกรธ', 0, '2019-11-23 15:17:22'),
(12, 3, 'ปวดท้องรุนแรง, เจ็บท้องคลอด, เจ็บหน้าอก', 1, '2019-11-23 15:17:22'),
(13, 4, ' เพื่อการแบ่งจำนวนผู้ป่วยฉุกเฉินให้ชุดปฏิบัติการฉุกเฉินบนรถพยาบาลฉุกเฉินทำงานเท่าๆ กัน ', 0, '2019-11-23 15:17:22'),
(14, 4, 'เพื่อสั่งการรถพยาบาลฉุกเฉินที่มีความพร้อมให้ตรงกับลักษณะอาการผู้ป่วย', 1, '2019-11-23 15:17:22'),
(15, 4, 'เป็นข้อมูลพื้นฐานของจังหวัดเท่านั้น แต่การสั่งการรถพยาบาลฉุกเฉินขึ้นอยู่กับหน่วยที่อยู่ใกล้ที่สุด', 0, '2019-11-23 15:17:22'),
(16, 4, 'ถูกทุกข้อ', 0, '2019-11-23 15:17:22'),
(17, 5, 'ผู้ป่วยที่ได้รับบาดเจ็บหรือมีการเจ็บป่วยกะทันหันที่มีผลต่อชีวิตหรือการทำงานของอวัยวะในร่างกาย', 0, '2019-11-23 15:17:22'),
(18, 5, 'ผู้ป่วยที่ต้องได้รับการช่วยเหลือจากแพทย์ทันที ที่เจ็บป่วยในระบบการหายใจ ระบบไหลเวียนเลือด', 0, '2019-11-23 15:17:22'),
(19, 5, 'ผู้ป่วยที่มีลักษณะอาการ เช่น ไม่สามารถหายใจได้ปกติ หายใจเร็ว แรงและลึก หายใจมีเสียงดังผิดปกติ', 0, '2019-11-23 15:17:22'),
(20, 5, 'ถูกทุกข้อ', 1, '2019-11-23 19:36:20'),
(21, 6, 'อาการหัวใจเต้นแรง ตื่นเต้น เพื่อนเรียกหลายครั้งไม่ได้ยิน ตกในพะวงเมื่อพบดาราเกาหลี', 1, '2019-11-23 15:17:22'),
(22, 6, 'หายใจเร็ว แรงและลึก เสียงดังผิดปกติ หน้าเขียวคล้ำ หลังอมลูกอมที่เพื่อนซื้อมาฝากจากเกาหลี', 0, '2019-11-23 15:17:22'),
(23, 6, 'ตัวเย็นและซีด เหงื่อแตกจนท่วมตัว วูบเมื่อลุกขึ้นยืนและหมดสติไป ขณะที่ดูซีรี่ย์เกาหลี', 0, '2019-11-23 15:17:22'),
(24, 6, 'เป็นผู้ป่วยฉุกเฉินวิกฤตทุกข้อ', 0, '2019-11-23 15:17:22'),
(25, 7, 'ตั้งสติและโทรแจ้ง 191 ก่อน เพราะตำรวจมีหน้าที่ดูแลประชาชน', 0, '2019-11-23 15:17:22'),
(26, 7, 'ยืนสังเกตอาการไปก่อน เพราะอาจกลับมาหายได้ ไม่อยากให้เสียเวลาคนเอื่น', 0, '2019-11-23 15:17:22'),
(27, 7, 'สังเกตอาการและสิ่งต่างๆ รอบตัวเท่าที่ทำได้ แล้วโทรแจ้ง 1669', 1, '2019-11-23 15:17:22'),
(28, 7, 'จับประคองตัวพิงผนังบ้าน รอแม่ที่เป็นพยาบาลกลับมาก่อน ', 0, '2019-11-23 15:17:22'),
(29, 8, 'ระดับฉุกเฉิน เพราะแค่น้ำในโอ่งที่บ้านไม่น่าทำให้เสียชีวิตได้ และมีคนฝึกอบรมกู้ชีพมา ช่วยได้แน่นอน', 0, '2019-11-23 15:17:22'),
(30, 8, 'ระดับฉุกเฉินวิกฤต เพราะมีคนตื่นตกใจ โวยวาย และคนมุงดูค่อนข้างมาก\r\n', 0, '2019-11-23 15:17:22'),
(31, 8, 'ระดับฉุกเฉินเร่งด่วน เพราะจำเป็นอย่างเร่งด่วนมากที่ต้องช่วยเหลือ', 0, '2019-11-23 15:17:22'),
(32, 8, 'ระดับฉุกเฉินวิกฤต เพราะเมื่อเขย่าไม่รู้สึกตัวและหมดสติ', 1, '2019-11-23 19:36:45'),
(33, 9, ' มีสติ รู้เบอร์โทรแจ้งเหตุการแพทย์ฉุกเฉิน สังเกตอาการและสถานการณ์แวดล้อมรอบตัว', 1, '2019-11-23 15:17:22'),
(34, 9, 'มีสติ แบ่งระดับความรุนแรงให้ได้ แจ้งไปที่นายก อบต.', 0, '2019-11-23 15:17:22'),
(35, 9, 'มีสติ สังเกตอาการ แบ่งระดับความรุนแรงให้ได้ รู้เบอร์โทรแจ้งเหตุการแพทย์ฉุกเฉิน', 0, '2019-11-23 15:17:22'),
(36, 9, 'มีสติ รู้เบอร์โทรแจ้งเหตุการแพทย์ฉุกเฉิน และแจ้งเหตุโดยให้คนอื่นบอกอาการแทน', 0, '2019-11-23 15:17:22'),
(37, 10, 'อาการฉุกเฉินควรเรียนรู้ให้เข้าใจ แต่ในทางปฏิบัติต้องเป็นหน้าที่ของเจ้าหน้าที่ อสม. แพทย์ พยาบาลเท่านั้นในการแจ้งเหตุ   ', 0, '2019-11-24 04:12:37'),
(38, 10, 'อาการฉุกเฉินเกิดได้จากการบาดเจ็บจากอุบัติเหตุ และการป่วยจากโรคภัยไข้เจ็บ', 1, '2019-11-23 15:17:22'),
(39, 10, 'เมื่อพบเหตุอาการฉุกเฉินคนในบ้านให้รีบนำส่งโรงพยาบาลด้วยตนเองให้เร็วที่สุด เพื่อความปลอดภัย', 0, '2019-11-23 15:17:22'),
(40, 10, 'ถูกทุกข้อ', 0, '2019-11-23 15:17:22'),
(41, 11, 'การรักษาผู้ป่วยในโรงพยาบาลที่เป็นโรคเฉพาะทางเท่านั้น', 0, '2019-11-23 15:24:51'),
(42, 11, 'การแจ้งเหตุขอความช่วยเหลือ การดูแลและนำส่งคนที่มีอาการฉุกเฉินไปโรงพยาบาล', 1, '2019-11-23 15:24:51'),
(43, 11, 'การดูแลคนเจ็บป่วยฉุกเฉินเป็นหน้าที่พนักงานในรถพยาบาลและโรงพยาบาลเท่านั้น', 0, '2019-11-23 15:24:51'),
(44, 11, 'การบริการของรถพยาบาลเพื่อไปตรวจตามแพทย์นัด', 0, '2019-11-23 15:24:51'),
(45, 12, 'การป้องกันไม่ให้อาการฉุกเฉินรุนแรงขึ้น ด้วยการพาผู้ป่วยไปโรงพยาบาลทันที ', 0, '2019-11-23 15:24:51'),
(46, 12, 'การป้องกันไม่ให้อาการฉุกเฉินรุนแรงขึ้น โดยใช้ข้อมูลที่หาได้ในการแจ้งเหตุขอความช่วยเหลือ', 1, '2019-11-23 15:24:51'),
(47, 12, 'การนำส่งผู้ป่วยฉุกเฉินไปโรงพยาบาล ด้วยการฝึกอบรมเป็นทีมกู้ชีพ', 0, '2019-11-23 15:24:51'),
(48, 12, 'การนำส่งผู้ป่วยฉุกเฉินไปรงพยาบาล เพราะต้องให้กำลังใจผู้ป่วยให้ถึงโรงพยาบาลอย่างปลอดภัย', 0, '2019-11-23 15:24:51'),
(49, 13, 'โทรแจ้งเหตุ 1669 จะมีเจ้าที่ของศูนย์รับแจ้งเหตุและสั่งการที่กรุงเทพมหานครรับสาย', 0, '2019-11-23 15:24:51'),
(50, 13, 'เมื่อผู้ป่วยฉุกเฉินไปด้วยรถพยาบาลของการแพทย์ฉุกเฉิน จะมีค่าใช้จ่ายเฉพาะค่าน้ำมันรถเท่านั้น ', 0, '2019-11-23 15:24:51'),
(51, 13, 'นำส่งโรงพยาบาลอำเภอใกล้บ้านด้วยรถยนต์หรือมอเตอร์ไซด์ให้เร็วที่สุด ไม่ควรเสียเวลา', 0, '2019-11-23 15:24:51'),
(52, 13, ' ศูนย์รับแจ้งเหตุและสั่งการต้องได้ข้อมูลอาการ สถานที่เกิดเหตุและเบอร์โทรศัพท์ติดต่อกลับ', 1, '2019-11-23 19:38:26'),
(53, 14, 'ไม่ควรโทรแจ้ง 1669 เพราะอยู่คนละจังหวัด จะเป็นเรื่องยุ่งยากและไม่ทันการณ์', 0, '2019-11-23 15:24:51'),
(54, 14, 'จะมีค่าใช้จ่ายสำหรับการนำส่งด้วยรถพยาบาลฉุกเฉิน เพราะอยู่ในคนละเขตให้บริการ', 0, '2019-11-23 15:24:51'),
(55, 14, 'รู้สึกผิดที่ไม่พาเพื่อนขึ้นสะพานลอยแต่พยายามคุมสติ สังเกตอาการและสถานการณ์แวดล้อมรอบตัว โทร\r\n1669\r\n', 1, '2019-11-23 15:24:51'),
(56, 14, 'ประคองเพื่อนออกจากถนนอย่างระมัดระวังให้เร็วที่สุด เพื่อไม่ให้มีอุบัติเหตุซ้ำ', 0, '2019-11-23 15:24:51'),
(57, 15, 'การป้องกันอาการเจ็บป่วยฉุกเฉิน, การตรวจลูกน้ำยุงลาย, การประชาสัมพันธ์อาการฉุกเฉิน', 0, '2019-11-23 15:24:51'),
(58, 15, 'การนำส่งผู้ป่วยฉุกเฉิน, การดูแลจัดการ ณ จุดเกิดเหตุ, การสั่งการให้เรือออกปฏิบัติการฉุกเฉิน', 1, '2019-11-23 15:24:51'),
(59, 15, 'การโทรแจ้งเหตุ 1669, การประเมินอาการเจ็บป่วย, การรับยาที่คลินิกเบาหวาน', 0, '2019-11-23 15:24:51'),
(60, 15, 'การปฐมยาบาลและการทำ CPR, การคัดแยกทางโทรศัพท์ของศูนย์รับแจ้งเหตุฯ, การดูแลผู้ป่วยติดเตียง', 0, '2019-11-23 15:24:51'),
(61, 16, '1669 เป็นหมายเลขบำบัดทุกข์ บำรุงสุขประชาชน สามารถโทรปรึกษาได้ทุกเรื่อง', 0, '2019-11-23 15:24:51'),
(62, 16, '1669 จะมีค่าใช้จ่ายช่วงกลางคืน ขึ้นอยู่กับโปรโมชั่นของเครือข่ายโทรศัพท์', 0, '2019-11-23 15:24:51'),
(63, 16, '1669 โทรแจ้งเหตุฉุกเฉินได้ทั้งการเจ็บป่วยฉุกเฉินและอุบัติเหตุ', 1, '2019-11-23 19:38:43'),
(64, 16, '1669 มีเจ้าหน้าที่รับสายเฉพาะกลางวัน ส่วนกลางคืนจะเป็นเสียงจากการบันทึกเทปไว้', 0, '2019-11-23 15:24:51'),
(65, 17, 'ความเสียหายของทรัพย์สิน', 0, '2019-11-23 15:24:51'),
(66, 17, 'ชื่อผู้ประสบเหตุ', 0, '2019-11-23 15:24:51'),
(67, 17, 'อาการบาดเจ็บของผู้ประสบเหตุ สถานที่เกิดเหตุ', 1, '2019-11-23 15:24:51'),
(68, 17, 'แจ้งขอวิธีการปฐมพยาบาลเบื้องต้น', 0, '2019-11-23 15:24:51'),
(69, 18, 'สั่งการให้รถปฏิบัติการฉุกเฉินออกไปรับผู้ป่วย ณ จุดเกิดเหตุ\r\n', 1, '2019-11-23 15:24:51'),
(70, 18, 'สั่งการให้ตำรวจในพื้นที่เคลื่อนย้ายผู้ป่วย', 0, '2019-11-23 15:24:51'),
(71, 18, 'ประสานให้ อสม. ดูแลผู้ป่วยฉุกเฉิน ณ จุดเกิดเหตุ', 0, '2019-11-23 15:24:51'),
(72, 18, 'ติดต่อ รพ.สต. ให้ปฐมพยาบาลผู้ป่วยฉุกเฉิน', 0, '2019-11-23 15:24:51'),
(73, 19, 'ผู้ป่วยจะได้รับบริการดูแลเบื้องต้นขณะนำส่งไปโรงพยาบาล', 0, '2019-11-23 15:24:51'),
(74, 19, 'ผู้ป่วยจะได้รับการรักษาที่โรงพยาบาลอย่างทันท่วงที และเหมาะสม', 0, '2019-11-23 15:24:51'),
(75, 19, 'ผู้ป่วยได้รับการจัดการที่เหมาะสม ณ จุดเกิดเหตุ ', 0, '2019-11-23 15:24:51'),
(76, 19, 'ถูกทุกข้อ', 1, '2019-11-23 15:24:51'),
(77, 20, 'เมื่อแจ้งเหตุ ไม่ควรให้เบอร์โทรศัพท์ติดต่อกับเจ้าหน้าที่ศูนย์รับแจ้งเหตุและสั่งการ เพราะเป็นเรื่องส่วนตัว', 0, '2019-11-23 15:24:51'),
(78, 20, 'เจ้าหน้าที่บนรถพยาบาลของ อบต./มูลนิธิ ทำงานตามประสบการณ์ยังไม่ผ่านการอบรมการแพทย์ฉุกเฉิน ', 0, '2019-11-23 15:24:51'),
(79, 20, 'รถพยาบาลที่เปิดสัญญาณไฟวับวาบและเสียงไซเรนเพราะต้องการขอทางเพื่อจะได้นำผู้ป่วยเข้าถึงการรักษาของแพทย์ได้รวดเร็ว', 1, '2019-11-23 15:24:51'),
(80, 20, 'การขึ้นรถพยาบาลฉุกเฉินเป็นการแช่งหรือเป็นลางไม่ดีกับคนที่ห่วงใย เพราะส่วนใหญ่มีคนเสียชีวิตในนั้น', 0, '2019-11-23 15:24:51'),
(81, 21, 'หลังจากท่านได้ตามรถฉุกเฉินหรือบุคลากรทางการแพทย์แล้ว', 0, '2019-11-23 15:54:13'),
(82, 21, 'หลังได้ติดแผ่นช๊อกไฟฟ้าของเครื่องช็อกไฟฟ้าหัวใจอัตโนมัติและปล่อยกระแสไฟแล้ว', 0, '2019-11-23 15:54:13'),
(83, 21, 'เมื่อทีมฉุกเฉินได้มาถึงที่เกิดเหตุแล้ว', 0, '2019-11-23 15:54:13'),
(84, 21, 'เมื่อประเมินความปลอดภัยในที่เกิดเหตุแล้ว', 1, '2019-11-23 15:54:13'),
(85, 22, 'ผู้ป่วยที่ไม่ตอบสนองและไม่หายใจ', 1, '2019-11-23 15:54:13'),
(86, 22, 'ผู้ป่วยที่ไม่ตอบสนองแต่ยังหายใจได้อย่างเพียงพอ', 0, '2019-11-23 15:54:13'),
(87, 22, 'ผู้ป่วยที่ยังรู้สึกตัวแต่มีภาวะหายใจลำบาก', 0, '2019-11-23 15:54:13'),
(88, 22, 'ผู้ป่วยที่มีอาการแน่นหน้าอกและจุกเสียดเหมือนอาหารไม่ย่อย', 0, '2019-11-23 15:54:13'),
(89, 23, 'อย่างน้อย 40-60 ครั้ง/นาที', 0, '2019-11-23 15:54:13'),
(90, 23, 'อย่างน้อย 60-80 ครั้ง/นาที', 0, '2019-11-23 15:54:13'),
(91, 23, 'อย่างน้อย 80-100 ครั้ง/นาที', 0, '2019-11-23 15:54:13'),
(92, 23, 'อย่างน้อย 100-120 ครั้ง/นาที', 1, '2019-11-24 04:16:45'),
(93, 24, 'เพื่อให้เลือดไหลเวียนไปเลี้ยงที่สมองเพียงพอ', 0, '2019-11-23 15:54:14'),
(94, 24, 'เพื่อให้มีอากาศเข้าไปในปอดและได้รับออกซิเจนอย่างเพียงพอ', 0, '2019-11-23 15:54:14'),
(95, 24, 'เพื่อให้หัวใจและระบบหายใจกลับมาทำงานอีกครั้ง', 0, '2019-11-23 15:54:14'),
(96, 24, 'ถูกทุกข้อ', 1, '2019-11-23 15:54:14'),
(97, 25, 'บนท้องส่วนบน', 0, '2019-11-23 15:54:14'),
(98, 25, 'บริเวณหน้าอกด้านซ้าย', 0, '2019-11-23 15:54:14'),
(99, 25, 'กึ่งกลางกระดูกอกส่วนล่าง', 1, '2019-11-23 15:54:14'),
(100, 25, 'กึ่งกลางกระดูกอกส่วนบน', 0, '2019-11-23 15:54:14'),
(101, 26, 'ตรวจดูว่ารู้สึกตัวหรือไม่', 0, '2019-11-23 16:00:29'),
(102, 26, 'เรียกรถพยาบาล', 0, '2019-11-23 16:00:33'),
(103, 26, 'ตัดไฟฟ้าก่อน ป้องกันไม่ให้ไฟฟ้าช็อตตนเองและผู้อื่น', 1, '2019-11-23 16:00:54'),
(104, 26, 'เริ่มการช่วยชีวิตโดยการช่วยหายใจและกดหน้าอก', 0, '2019-11-23 16:00:46'),
(105, 27, '10 ครั้ง ต่อ 2 ครั้ง', 0, '2019-11-23 16:01:01'),
(106, 27, '15 ครั้ง ต่อ 2 ครั้ง', 0, '2019-11-23 16:01:07'),
(107, 27, '30 ครั้ง ต่อ 2 ครั้ง', 1, '2019-11-23 19:40:07'),
(108, 27, '40 ครั้ง ต่อ 2 ครั้ง', 0, '2019-11-23 16:01:21'),
(109, 28, ' ให้ผู้ช่วยเปิดเครื่องและปิดแผ่นอิเลคโทรดให้เร็วที่สุด ขณะที่ท่านยังกดหน้าอกผู้ป่วยแล้วทำตามที่เครื่องสั่ง', 1, '2019-11-23 19:40:36'),
(110, 28, 'หยุดการกดหน้าอกและเปิดเครื่อง AED ด้วยตนเอง โดยให้ผู้ที่ช่วยท่านนั่งดูท่านช่วยเหลือผู้ป่วยเพราะท่าน \n    ได้รับการฝึกมา', 0, '2019-11-23 16:01:40'),
(111, 28, 'ทั้งท่านและผู้ช่วยสลับกันเป่าปากและช่วยหายใจคนละ 2 ครั้ง แล้วค่อยเปิดเครื่อง AED', 0, '2019-11-23 16:01:48'),
(112, 28, 'ไม่มีข้อใดถูก', 0, '2019-11-23 16:01:57'),
(113, 29, 'ติดบนทรวงอกตอนบนของผู้ป่วย และติดบนผิวทรวงอกตอนล่างของผู้ป่วย', 1, '2019-11-23 19:41:03'),
(114, 29, 'ติดบนทรวงอกตอนบนของผู้ป่วย และติดบนต้นแขนของผู้ป่วย', 0, '2019-11-23 16:02:15'),
(115, 29, 'ติดบนต้นแขนของผู้ป่วย และติดบนผิวทรวงอกตอนล่างของผู้ป่วย', 0, '2019-11-23 16:02:23'),
(116, 29, 'ไม่มีข้อใดถูก', 0, '2019-11-23 16:02:26'),
(117, 30, 'เริ่มช่วยหายใจ 2 ครั้งทันที', 0, '2019-11-23 16:02:41'),
(118, 30, 'เริ่มกดหน้าอกต่อทันที', 1, '2019-11-23 19:41:26'),
(119, 30, 'รอเครื่องวิเคราะห์ครั้งถัดไปก่อน', 0, '2019-11-23 16:02:57'),
(120, 30, 'ปิดเครื่องกระตุกหัวใจอัตโนมัติเพื่อประหยัดพลังงาน', 0, '2019-11-23 16:02:58'),
(121, 31, 'การดูแลรักษาจากแพทย์เบื้องต้น', 0, '2019-11-23 16:03:56'),
(122, 31, 'การช่วยเหลือผู้ป่วยตามอาการเรื้อรัง', 0, '2019-11-23 16:04:00'),
(123, 31, 'การช่วยเหลือผู้ป่วยเบื้องต้น โดยใช้อุปกรณ์เท่าที่จะหาได้ก่อน', 1, '2019-11-23 16:17:30'),
(124, 31, 'การโทรแจ้งเหตุขอความช่วยเหลือ 1669', 0, '2019-11-23 16:04:13'),
(125, 32, 'ตรวจดูแผลว่าใหญ่และลึกหรือไม่', 0, '2019-11-23 16:04:19'),
(126, 32, 'แจ้งเหตุขอความช่วยเหลือ 1669', 0, '2019-11-23 16:04:35'),
(127, 32, 'ดูว่างูพิษยังอยู่บริเวณนั้นหรือไม่', 1, '2019-11-23 16:17:20'),
(128, 32, 'เริ่มการช่วยเหลือปฐมพยาบาลทันที', 0, '2019-11-23 16:04:59'),
(129, 33, 'สวมถุงมือเพื่อป้องกันเชื้อโรค', 1, '2019-11-23 16:17:05'),
(130, 33, 'ใช้อุปกรณ์ล้างแผลและน้ำยาฆ่าเชื้อ', 0, '2019-11-23 16:05:16'),
(131, 33, 'สังเกตเลือดออก และเตรียมการทำแผล', 0, '2019-11-23 16:05:20'),
(132, 33, 'ทำการห้ามเลือด โดยใช้ผ้าสะอาดหรือผาก๊อซปิดบาดแผล', 0, '2019-11-23 16:05:25'),
(133, 34, 'รีบแจ้ง 1669 เพราะไม่รู้ว่าสารเคมีนั้นรุนแรงแค่ไหน', 0, '2019-11-23 16:05:54'),
(134, 34, 'ใช้น้ำสะอาดชำระล้างหลายๆ ครั้ง เพื่อลดความเข้มข้นของสารเคมี', 1, '2019-11-23 19:41:40'),
(135, 34, 'ใช้น้ำเกลือบริสุทธิล้าง', 0, '2019-11-23 16:06:10'),
(136, 34, 'ทายาแก้อาการแพ้สารเคมี', 0, '2019-11-23 16:06:18'),
(137, 35, 'ดันกระดูกกลับเข้าที่ แล้วแจ้ง 1669', 0, '2019-11-23 16:06:24'),
(138, 35, 'ประคบด้วยน้ำอุ่นเพื่อลดอาการเจ็บปวด', 0, '2019-11-23 16:06:33'),
(139, 35, 'ประคบด้วยน้ำแข็งบริเวณที่ปวด ดามกระดูกยึดตรึงส่วนที่หักให้นิ่งที่สุด', 1, '2019-11-23 16:16:36'),
(140, 35, 'รีบทายาและดามกระดูกที่หัก', 0, '2019-11-23 16:06:51'),
(141, 36, 'ให้ผู้ป่วยนั่งหรือยืนในท่าที่สบาย ให้อยู่ในที่อากาศถ่ายเทสะดวก ถ้าผู้ป่วยมียาพ่นให้พ่นยา', 1, '2019-11-23 16:16:24'),
(142, 36, 'คล้ายเสื้อให้หลวม นอนราบกับพื้นที่ให้สบายที่สุด', 0, '2019-11-23 16:07:49'),
(143, 36, 'รีบช่วยเหลือด้วยวิธี CPR เพราะภาวะหัวใจกำลังเริ่มช็อค', 0, '2019-11-23 16:07:55'),
(144, 36, 'ใช้ยาพ่นตลอดเวลา กรณีไม่มีให้ดื่มน้ำหรือน้ำหวานให้มากๆ', 0, '2019-11-23 16:07:58'),
(145, 37, 'ภาวะเลือดตกใน', 0, '2019-11-23 16:08:19'),
(146, 37, 'ภาวะกล้ามเนื้อหัวใจตายเฉียบพลัน', 1, '2019-11-23 19:41:52'),
(147, 37, 'ภาวะหลอดเลือดแตก', 0, '2019-11-23 16:08:32'),
(148, 37, 'ภาวะหัวใจล้มเหลว', 0, '2019-11-23 16:08:36'),
(149, 38, 'ภาวะเลือดตกใน', 0, '2019-11-23 16:09:37'),
(150, 38, 'ภาวะกล้ามเนื้อหัวใจตายเฉียบพลัน', 0, '2019-11-23 16:09:49'),
(151, 38, 'ภาวะหลอดเลือดในสมองแตก', 1, '2019-11-23 19:42:04'),
(152, 38, 'ภาวะหัวใจล้มเหลว', 0, '2019-11-23 16:10:23'),
(153, 39, 'ประสานขอความช่วยเหลือ 1669 โดยเร็ว จัดให้ผู้ป่วยนอนราบ ยกขาสูง ห่มผ้าให้อบอุ่น', 0, '2019-11-23 16:10:54'),
(154, 39, 'รีบนำน้ำอุ่นประคบ แล้วใช้สะอาดพันรอบศีรษะ', 0, '2019-11-23 16:10:59'),
(155, 39, 'ห้ามเลือดด้วยการปิดแผลหรือใช้ผ้าพัน แล้วสังเกตว่ามีการซึม สับสน ปวดหัวมาก', 1, '2019-11-23 16:15:47'),
(156, 39, ' ใช้น้ำแข็งประคบเพื่อให้เลือดแข็งตัว แล้วให้นอนตะแคงให้แผลอยู่ข้างบน', 0, '2019-11-23 16:11:18'),
(157, 40, 'ไม่ควรยกหรือเคลื่อนย้ายผู้ป่วย', 0, '2019-11-23 16:11:27'),
(158, 40, 'โทรเรียก 1669', 0, '2019-11-23 16:11:37'),
(159, 40, 'ตรวจสอบอาการ สังเกตอาการโดยรอบ', 0, '2019-11-23 16:11:41'),
(160, 40, 'ถูกทุกข้อ', 1, '2019-11-23 16:15:36'),
(161, 41, 'การแข่งขันการช่วยเหลือผู้ นอกโรงพยาบาล', 0, '2017-06-09 14:33:51'),
(162, 41, 'การแข่งขันการช่วยเหลือผู้ ป่วยบาดเจ็บและป่วยฉุกเฉินในโรงพยาบาล', 0, '2017-06-09 14:33:51'),
(163, 41, 'การแข่งขันการช่วยเหลือผู้ ป่วยบาดเจ็บและป่วยฉุกเฉินนอกโรงพยาบาล', 0, '2019-11-23 14:58:42'),
(164, 41, 'แข่งขันการช่วยเหลือผู้ป่วย', 0, '2017-06-09 14:33:51'),
(165, 42, 'เพื่อยกระดับความสามารถของทีมปฏิบัติการ', 0, '2017-04-03 03:09:49'),
(166, 42, 'พัฒนารูปแบบของการประเมินการ ปฏิบัติงานการบริการการแพทย์ฉุกเฉิน', 0, '2017-04-03 03:09:49'),
(167, 42, 'เพื่อพัฒนารูปแบบการเรียนการสอนที่มีประสิทธิภาพ สําหรับบุคลากรในระบบการแพทย์ ฉุกเฉิน', 0, '2017-04-03 03:09:49'),
(168, 42, 'ถูกทุกข้อ', 0, '2019-11-23 14:58:42'),
(169, 43, 'แพทย์ (Emergency Physician)', 0, '2017-04-03 03:09:49'),
(170, 43, 'พยาบาลวิชาชีพ / นักปฎิบัติการฉุกเฉินการแพทย์ (Nurse/ Paramedic )', 0, '2017-06-09 14:34:58'),
(171, 43, 'พนักงานฉุกเฉินการแพทย์ (Emergency Medical Technician - Basic)', 0, '2017-06-09 14:34:58'),
(172, 43, 'ถูกทุกข้อ', 0, '2019-11-23 14:58:42'),
(173, 44, 'First Responder : FR', 0, '2019-11-23 14:58:42'),
(174, 44, 'Advance Life Support : ALS', 0, '2017-04-03 03:09:49'),
(175, 44, 'Intermediate Life Support : ILS', 0, '2017-04-03 03:09:49'),
(176, 44, 'Basic Life Support : BLS', 0, '2017-04-03 03:09:49'),
(177, 45, 'สถาบันการแพทย์ฉุกเฉินแห่งชาติ', 0, '2017-04-03 03:09:49'),
(178, 45, 'โรงพยาบาลขอนแก่น', 0, '2019-11-23 14:58:42'),
(179, 45, 'มหาวิทยาลัยมหิดล', 0, '2017-06-09 14:36:04'),
(180, 45, 'มหาวิทยาลัยเชียงใหม่', 0, '2017-04-03 03:09:49'),
(181, 46, 'ประเมินความรู้สึกตัว โดยการใช้มือเขย่าที่ หัวไหล่ผู้ป่วยแรงๆและเรียกเสียงดัง', 0, '2017-06-09 14:36:42'),
(182, 46, 'เช็ดตัวลดไข้ผู้ป่วย โดยการใช้ผ้าชุบน้ำอุ่นให้เปียกเช็ดถูตามส่วนต่างๆของร่างกาย', 0, '2017-04-03 03:09:49'),
(183, 46, 'พยายามให้เด็กดื่มน้ำหรือเครื่องดื่มบ่อยๆ เพื่อชดเชยการเสียน้ำจากไข้สูง', 0, '2017-06-09 14:36:42'),
(184, 46, 'ถูกทุกข้อ', 0, '2019-11-23 14:58:42'),
(185, 47, 'เป็นลมหมดสติ', 0, '2017-04-03 03:09:49'),
(186, 47, 'ลมชัก', 0, '2017-04-03 03:09:49'),
(187, 47, 'กล้ามเนื้อหัวใจตายเฉียบพลัน', 0, '2019-11-23 14:58:42'),
(188, 47, 'เส้นเลือดในสมองแตก', 0, '2017-04-03 03:09:49'),
(189, 48, 'ดูแลทางเดินหายใจ ขณะชักโดยการพลิกตะแคงตัว ไม่จับยึดตัวผู้ป่วยขณะชัก', 0, '2017-04-03 03:09:49'),
(190, 48, 'ขอความช่วยเหลือ  และให้ผู้ช่วยเหลืออื่นๆโทรติดต่อสายด่วนปฎิบัติการแพทย์ฉุกเฉิน 1669', 0, '2017-06-09 14:37:41'),
(191, 48, 'ทำการเช็ดตัวผู้ป่วยด้วยผ้าสะอาดชุบน้ำเย็นจนกว่าทีมช่วยเหลือจะมาถึง', 0, '2017-04-03 03:09:49'),
(192, 48, 'ถูกทุกข้อ', 0, '2019-11-23 14:58:42'),
(193, 49, 'กล้ามเนื้อหัวใจตายเฉียบพลัน', 0, '2017-06-09 14:38:18'),
(194, 49, 'หลอดเลือดในสมองแตก', 0, '2019-11-23 14:58:42'),
(195, 49, 'เลือดตกใจ', 0, '2017-06-09 14:38:18'),
(196, 49, 'หอบหืด', 0, '2017-06-09 14:38:18'),
(197, 50, 'ขอความช่วยเหลือ  และให้ผู้ช่วยเหลืออื่นๆโทรติดต่อสายด่วนปฎิบัติการแพทย์ฉุกเฉิน 1669', 0, '2017-06-09 14:38:48'),
(198, 50, 'สังเกตเห็นผู้ป่วยมี อาการปากเบี้ยว พูดไม่ชัด แขน ขา อ่อนแรง', 0, '2017-06-09 14:38:48'),
(199, 50, 'ประเมินความรู้สึกตัว โดยการใช้มือเขย่าที่หัวไหล่ผู้ป่วยแรงๆและเรียกเสียงดัง', 0, '2017-04-03 03:09:49'),
(200, 50, 'ถูกทุกข้อ', 0, '2019-11-23 14:58:42'),
(201, 51, 'การบาดเจ็บเนื่องจากอุบัติเหตุบนท้องถนนเท่านั้น', 0, '2019-11-23 10:42:00'),
(202, 51, 'อาการเจ็บป่วยเรื้อรัง เช่น เบาหวาน ความดันโลหิตสูง', 0, '2019-11-23 10:42:00'),
(203, 51, 'อาการที่แสดงให้เห็นเฉพาะการบาดเจ็บที่ชัดเจน เช่น มีเลือดออกรุนแรง ', 0, '2019-11-23 10:42:00'),
(204, 51, 'การได้รับบาดเจ็บหรือมีการเจ็บป่วยกะทันหันที่มีผลต่อชีวิตหรือการทำงานของอวัยวะในร่างกาย', 0, '2019-11-23 14:58:42'),
(205, 52, 'มานะถูกรถกระบะขนกระหล่ำปลีชนกระเด็น ขณะที่ไม8ข$ามถนนบนทางม$าลาย ', 0, '2019-11-23 12:23:55'),
(206, 52, 'แม8ของมานีช็อคหมดสติ ภายหลังทำงานเก็บชากลางแจ$งติดต8อกันหลายชั่วโมง ', 0, '2019-11-23 12:23:55'),
(207, 52, 'ปWติเปXนโรคกระเพาะอาหารอักเสบเรื้อรัง ไม8หายสักที ต$องไปพบแพทยYเปXนประจำ ', 0, '2019-11-23 14:58:42'),
(208, 52, ' ปูKของชูใจมีอาการปากเบี้ยว แขนขาอ8อนแรง วันนี้ไม8ได$พกยาหอม ยาดมมาด$วย ', 0, '2019-11-23 12:23:55'),
(209, 53, 'ปวดท้องรุนแรง, เจ็บท้องคลอด, เจ็บหน้าอก', 0, '2019-11-23 14:58:42'),
(210, 53, 'ชักเกร็ง, ปากเบี้ยว แขนขาอ่อนแรง, เกร็งตัวเมื่อโกรธ', 0, '2019-11-23 14:26:38'),
(211, 53, 'หายใจไม่ออก หน้าเขียว, วิงเวียน คลื่นไส้เมารถ, ตกเลือด', 0, '2019-11-23 14:26:38'),
(212, 53, 'สิ่งแปลกปลอมอุดตันทางเดินหายใจ, เจ็บแผลที่ปลายนิ้ว, ช็อคหมดสติ', 0, '2019-11-23 14:26:38'),
(213, 54, 'ถูกทุกข้อ', 0, '2019-11-23 14:29:00'),
(214, 54, 'เป็นข้อมูลพื้นฐานของจังหวัดเท่านั้น แต่การสั่งการรถพยาบาลฉุกเฉินขึ้นอยู่กับหน่วยที่อยู่ใกล้ที่สุด', 0, '2019-11-23 14:27:36'),
(215, 54, 'เพื่อสั่งการรถพยาบาลฉุกเฉินที่มีความพร้อมให้ตรงกับลักษณะอาการผู้ป่วย', 0, '2019-11-23 14:58:42'),
(216, 54, 'เพื่อการแบ่งจำนวนผู้ป่วยฉุกเฉินให้ชุดปฏิบัติการฉุกเฉินบนรถพยาบาลฉุกเฉินทำงานเท่าๆ กัน', 0, '2019-11-23 14:27:36'),
(217, 55, 'ถูกทุกข้อ', 0, '2019-11-23 14:58:42'),
(218, 55, 'ผู้ป่วยที่มีลักษณะอาการ เช่น ไม่สามารถหายใจได้ปกติ หายใจเร็ว แรงและลึก หายใจมีเสียงดังผิดปกติ ', 0, '2019-11-23 14:28:38'),
(219, 55, 'ผู้ป่วยที่ต้องได้รับการช่วยเหลือจากแพทย์ทันที ที่เจ็บป่วยในระบบการหายใจ ระบบไหลเวียนเลือด ', 0, '2019-11-23 14:28:38'),
(220, 55, 'ผู้ป่วยที่ได้รับบาดเจ็บหรือมีการเจ็บป่วยกะทันหันที่มีผลต่อชีวิตหรือการทำงานของอวัยวะในร่างกาย', 0, '2019-11-23 14:28:38'),
(221, 56, '', 0, '2019-11-23 12:28:49'),
(222, 56, '', 0, '2019-11-23 12:28:49'),
(223, 56, '', 0, '2019-11-23 12:28:49'),
(224, 56, '', 0, '2019-11-23 12:28:49'),
(225, 57, '', 0, '2019-11-23 12:28:49'),
(226, 57, '', 0, '2019-11-23 12:28:49'),
(227, 57, '', 0, '2019-11-23 12:28:49'),
(228, 57, '', 0, '2019-11-23 12:28:49'),
(229, 58, '', 0, '2019-11-23 12:38:23'),
(230, 58, '', 0, '2019-11-23 12:38:23'),
(231, 58, '', 0, '2019-11-23 12:38:23'),
(232, 58, '', 0, '2019-11-23 12:38:23'),
(233, 59, '', 0, '2019-11-23 12:38:23'),
(234, 59, '', 0, '2019-11-23 12:38:23'),
(235, 59, '', 0, '2019-11-23 12:38:23'),
(236, 59, '', 0, '2019-11-23 12:38:23'),
(237, 60, '', 0, '2019-11-23 12:38:23'),
(238, 60, '', 0, '2019-11-23 12:38:23'),
(239, 60, '', 0, '2019-11-23 12:38:23'),
(240, 60, '', 0, '2019-11-23 12:38:23');

-- --------------------------------------------------------

--
-- Table structure for table `exam_question`
--

CREATE TABLE `exam_question` (
  `id` int(11) NOT NULL,
  `exam_id` int(11) NOT NULL,
  `question` text NOT NULL,
  `weight` int(11) NOT NULL,
  `pretest` int(11) NOT NULL,
  `postest` int(11) NOT NULL,
  `created_at` timestamp NOT NULL DEFAULT CURRENT_TIMESTAMP ON UPDATE CURRENT_TIMESTAMP
) ENGINE=InnoDB DEFAULT CHARSET=utf8;

--
-- Dumping data for table `exam_question`
--

INSERT INTO `exam_question` (`id`, `exam_id`, `question`, `weight`, `pretest`, `postest`, `created_at`) VALUES
(1, 1, 'การเจ็บป่วยฉุกเฉิน ความหมายใดถูกต้องมากที่สุด', 0, 1, 0, '2019-11-23 14:44:36'),
(2, 1, 'คนใดต่อไปนี้ที่ “ไม่เข้าข่ายอาการเจ็บป่วยฉุกเฉิน”', 0, 2, 0, '2019-11-23 14:44:36'),
(3, 1, 'ข้อใดเป็นอาการเจ็บป่วยฉุกเฉินทั้งหมด', 0, 3, 0, '2019-11-23 14:44:36'),
(4, 1, 'ทำไมถึงต้องแบ่งความรุนแรงของอาการออกเป็นระดับฉุกเฉิน, ฉุกเฉินเร่งด่วน และฉุกเฉินวิกฤต ', 0, 4, 0, '2019-11-23 14:44:36'),
(5, 1, '“ผู้ป่วยฉุกเฉินวิกฤต” ข้อใด้ให้ความหมายถูกต้องที่สุด', 0, 5, 0, '2019-11-23 14:44:36'),
(6, 1, 'ข้อใดต่อไปนี้ถือว่า “ไม่ถือเป็นผู้ป่วยฉุกเฉินวิกฤตที่ต้องช่วยเหลืออย่างรวดเร็วเพื่อโอกาสรอดชีวิต”', 0, 6, 0, '2019-11-23 14:44:36'),
(7, 1, 'เมื่อนักเรียนเห็นคนในบ้านตกบันได เหมือนขาเบี้ยว ผิดรูปกับที่เคยเป็น มีเลือดออกมาก นอนนิ่งหมดสติ จะต้องปฏิบัติตัวอย่างไร', 0, 7, 0, '2019-11-23 14:44:36'),
(8, 1, '“น้องของธอร์จมน้ำในโอ่งที่บ้าน หมดสติ ไม่หายใจ เรียกหรือเขย่าก็ไม่รู้สึกตัว” นักเรียนคิดว่าเป็นผู้ป่วยฉุกเฉินระดับใด', 0, 8, 0, '2019-11-23 14:44:36'),
(9, 1, 'จากข้อมูล “ข้อที่ 8” หากนักเรียนจะต้องแจ้งขอความช่วยเหลือ “การแพทย์ฉุกเฉิน” คิดว่าสิ่งที่นักเรียนควรทำที่สุด คืออะไรบ้าง', 0, 9, 0, '2019-11-23 14:44:36'),
(10, 1, 'ข้อใดถูกต้อง', 0, 10, 0, '2019-11-23 14:44:36'),
(11, 2, 'นักเรียนเข้าใจ “การแพทย์ฉุกเฉิน” ว่าอย่างไร', 0, 1, 0, '2019-11-23 14:46:12'),
(12, 2, 'ตาม “ห่วงโซ่การรอดชีวิต” นักเรียนคิดว่าตนเองอยู่ในส่วนใดมากที่สุด ', 0, 2, 0, '2019-11-23 14:46:12'),
(13, 2, 'ข้อใดถูกต้องในการแจ้งเหตุขอความช่วยเหลือ “การแพทย์ฉุกเฉิน” เมื่อเกิดเหตุเจ็บป่วยฉุกเฉินวิกฤตที่ “เชียงราย”', 0, 3, 0, '2019-11-23 14:46:12'),
(14, 2, 'หากมีเพื่อนสนิทของนักเรียน “ถูกรถชน นอนหมดสติ ขณะไปทัศนศึกษาที่อำเภอปากช่อง จังหวัดนครราชสีมา” ข้อความใด ถูกต้องที่สุด', 0, 4, 0, '2019-11-23 14:46:12'),
(15, 2, 'ข้อใดต่อไปนี้เกี่ยวข้องกับระบบบริการการแพทย์ฉุกเฉินทุกข้อ', 0, 5, 0, '2019-11-23 14:46:12'),
(16, 2, 'ข้อใดเป็นความเข้าใจการแจ้งเหตุ 1669 ที่ถูกต้อง', 0, 6, 0, '2019-11-23 14:46:12'),
(17, 2, 'เมื่อนักเรียนต้องการแจ้งเหตุกรณีเกิดอุบัติเหตุ จราจร จะต้องแจ้งอะไรเป็นลำดับแรก', 0, 7, 0, '2019-11-23 14:46:12'),
(18, 2, 'นักเรียนคิดว่าเมื่อแจ้งเหตุไปที่ ศูนย์รับแจ้งเหตุและสั่งการ จะดำเนินการอย่างไรต่อไปเพื่อช่วยเหลือผู้ป่วยฉุกเฉิน', 0, 8, 0, '2019-11-23 14:46:12'),
(19, 2, 'ข้อใดคือประโยชน์ที่จะได้รับเมื่อผู้ป่วยฉุกเฉินไปด้วยรถพยาบาลฉุกเฉิน', 0, 9, 0, '2019-11-23 14:46:12'),
(20, 2, 'ข้อความใดที่นักเรียนคิดว่า “ถูกต้องมากที่สุด”', 0, 10, 0, '2019-11-23 14:46:12'),
(21, 3, 'เมื่อนักเรียนเป็นผู้พบเห็นผู้ที่สงสัยว่าจะมีภาวะหมดสติ หัวใจหยุดเต้น ไม่หายใจ เป็นคนแรก จะเริ่มเข้าไปให้การช่วยเหลือผู้ป่วยเมื่อใด', 0, 1, 0, '2019-11-23 14:48:17'),
(22, 3, 'ผู้ป่วยรายใดต่อไปนี้ต้องได้รับการกดหน้าอกและช่วยหายใจ (CPR)', 0, 2, 0, '2019-11-23 14:48:17'),
(23, 3, 'อัตราเร็วในการกดหน้าอก สำหรับผู้ป่วยทุกกลุ่มอายุ เป็นเท่าใด', 0, 3, 0, '2019-11-23 14:48:17'),
(24, 3, 'การกดหน้าอกและช่วยหายใจ (CPR) มีความสำคัญอย่างไร', 0, 4, 0, '2019-11-23 14:48:17'),
(25, 3, 'การกดหน้าอกผู้ป่วยผู้ใหญ่ ตำแหน่งการวางมือที่ถูกต้องคือ', 0, 5, 0, '2019-11-23 14:48:17'),
(26, 3, 'ชายคนหนึ่งใช้ไฟฟ้าช็อตปลา แล้วถูกไฟฟ้าช็อตหมดสติ ถ้าท่านเป็นผู้พบเห็นเหตุการณ์ นักเรียนควรทำอะไรก่อนเป็นอันดับแรก ', 0, 6, 0, '2019-11-23 14:48:17'),
(27, 3, 'หากนักเรียนพบผู้ป่วยหมดสติ เรียกไม่ตอบสนอง และไม่หายใจ ต้องช่วยกดหน้าอกสลับกับการช่วยหายใจ (เป่าปาก) ในอัตราส่วนเท่าใด', 0, 7, 0, '2019-11-23 14:48:17'),
(28, 3, 'เมื่อท่านพบผู้ป่วยหมดสติ ไม่หายใจ ท่านได้ขอความช่วยเหลือจาก 1669 พร้อมขอเครื่อง AED จากนั้นท่านได้ทำการกดหน้าอก เมื่อเครื่อง AED มาถึง สิ่งที่ท่านจะแนะนำผู้ช่วยที่นำเครื่อง AED มาคือข้อใด\r\n', 0, 8, 0, '2019-11-23 14:48:17'),
(29, 3, 'การใช้เครื่อง AED ต้องติดแผ่นอิเล็คโทรดที่ส่วนใดของผู้ป่วย', 0, 9, 0, '2019-11-23 14:48:17'),
(30, 3, 'เมื่อนักเรียนกดใช้เครื่อง AED กับผู้ป่วยครั้งหนึ่งแล้ว นักเรียนควรทำสิ่งใดเป็นลำดับต่อไป', 0, 10, 0, '2019-11-23 14:48:17'),
(31, 4, 'การปฐมพยาบาล หมายถึง', 0, 1, 0, '2019-11-23 14:50:24'),
(32, 4, 'เมื่อพบผู้เพื่อนถูกงูพิษกัด นักเรียนต้องทำอย่างไรเป็นลำดับแรก', 0, 2, 0, '2019-11-23 14:50:24'),
(33, 4, 'ข้อใดคือหลักเบื้องต้นก่อนการปฐมพยาบาล กรณีมีบาดแผล ', 0, 3, 0, '2019-11-23 14:50:24'),
(34, 4, 'ข้อใดคือการปฐมพยาบาล กรณีแผลไหม้จากสารเคมี ', 0, 4, 0, '2019-11-23 14:50:24'),
(35, 4, 'ข้อใดคือการปฐมพยาบาล “กรณีแผลกระดูกหัก” ', 0, 5, 0, '2019-11-23 14:50:24'),
(36, 4, ' ข้อใดคือการปฐมพยาบาล “กรณีผู้ป่วยหอบหืด” ', 0, 6, 0, '2019-11-23 14:50:24'),
(37, 4, 'อาการเจ็บแน่นหน้าอก เหมือนมีอะไรมาทับ เจ็บมานานกว่า 20 นาที ร้าวไปที่ใบหน้า สะดือ หรือไปแขน คืออาการของอาการเจ็บป่วยใด', 0, 7, 0, '2019-11-23 14:50:24'),
(38, 4, 'อาการอ่อนแรง ชาบริเวณในหน้า แขน ขาอ่อนแรง การพูดผิดปกติ คืออาการของอาการเจ็บป่วยใด', 0, 8, 0, '2019-11-23 14:50:24'),
(39, 4, 'ข้อใดคือการปฐมพยาบาล “กรณีผู้ป่วยบาดเจ็บที่ศรีษะ”', 0, 9, 0, '2019-11-23 14:50:24'),
(40, 4, 'ข้อใดคือการปฐมพยาบาล “กรณีผู้ป่วยตกจากที่สูง”', 0, 10, 0, '2019-11-23 14:50:24'),
(41, 5, 'ข้อใดคือความของ EMS Rally', 0, 1, 0, '2017-06-09 14:33:51'),
(42, 5, 'ข้อใดคือวัตถุประสงค์ของการจัด EMS Rally', 0, 2, 0, '2017-06-09 14:34:27'),
(43, 5, 'ข้อใดคือ บุคลากรที่เข้าร่วมการแข่งขัน EMS Rally', 0, 3, 0, '2017-06-09 14:34:58'),
(44, 5, 'ข้อใดคือชื่อทีมชุดปฏิบัติการฉุกเฉินระดับต้น', 0, 4, 0, '2017-06-09 14:35:32'),
(45, 5, 'หน่วยงานใดที่ริเริ่มจัด  EMS Rally เป็นแห่งแรกของประเทศไทย', 0, 5, 0, '2017-06-09 14:36:04'),
(46, 5, 'เด็ก 10  ขวบ มีอาการไข้สูง ตาลอย  ซึม ไม่รับประทานอาหาร ท่านควรให้ช่วยเหลือ  อย่างไร', 0, 6, 0, '2017-06-09 14:36:42'),
(47, 5, 'นายน้อย ใจใหญ่   อายุ 16  ปี  มีโรคประจำตัว คือ เบาหวาน  รับประทานยาประจำทุกวัน  วันนี้วิ่งเล่นเตะฟุตบอลที่สนาม เกิดอาการเจ็บหน้าอก  และหมดสติ  จากสถานการณ์ดังกล่าวนายน้อยอาจมีอาการบ่งชี้ของภาวะใด', 0, 7, 0, '2017-06-09 14:37:13'),
(48, 5, 'ข้อปฎิบัติในการช่วยเหลือผู้ป่วยชัก คือข้อใด', 0, 8, 0, '2017-06-09 14:37:41'),
(49, 5, 'อาการอ่อนแรง ชาบริเวณใบหน้า แขน ขาอ่อนแรงครึ่งซีก การพูดผิดปกติ เป็น อาการบ่งชี้ของภาวะใด', 0, 9, 0, '2017-06-09 14:38:18'),
(50, 5, 'ขั้นตอนของการช่วยเหลือผู้ป่วยโรคหลอดเลือดสมองประกอบไปด้วยข้อใดบ้าง', 0, 10, 0, '2017-06-09 14:38:48'),
(51, 6, 'การเจ็บปKวยฉุกเฉิน ความหมายใดถูกต$องมากที่สุด', 0, 1, 0, '2019-11-23 10:28:41'),
(52, 6, 'คนใดต่อไปนี้ที่ “ไม่เข้าข่ายอาการเจ็บป่วยฉุกเฉิน”', 0, 2, 0, '2019-11-23 10:36:09'),
(53, 6, 'ข้อใดเป็นอาการเจ็บป่วยฉุกเฉินทั้งหมด ', 0, 3, 0, '2019-11-23 10:36:09'),
(54, 6, 'ทำไมถึงต้องแบ่งความรุนแรงของอาการออกเป็นระดับฉุกเฉิน, ฉุกเฉินเร่งด่วน และฉุกเฉินวิกฤต ', 0, 4, 0, '2019-11-23 10:36:09'),
(55, 6, '\"ผู้ป่วยฉุกเฉินวิกฤต” ข้อใดให้ความหมายถูกต้องที่สุด ', 0, 5, 0, '2019-11-23 10:36:09'),
(56, 6, 'ข้อใดต8อไปนี้ถือว่า “ไม่ถือเป็นผู้ป่วยฉุกเฉินวิกฤตที่ต้องช่วยเหลืออย่างรวดเร็วเพื่อโอกาสรอดชีวิต”', 0, 6, 0, '2019-11-23 10:36:09'),
(57, 6, ' เมื่อนักเรียนเห็นคนในบ้านตกบันได เหมือนขาเบี้ยว ผิดรูปกับที่เคยเป็น มีเลือดออกมาก นอนนิ่งหมดสติ จะต้อง ปฏิบัติตัวอย่างไร ', 0, 7, 0, '2019-11-23 10:36:09'),
(58, 6, '“น้องของธอร์จมน้ำในโอ่งที่บ้าน หมดสติ ไม่หายใจ เรียกหรือเขย่าก็ไม่รู้สึกตัว” นักเรียนคิดว่าเป็นผู้ป่วยฉุกเฉิน ระดับใด ', 0, 8, 0, '2019-11-23 10:36:09'),
(59, 6, 'จากข้อมูล “ข้อที่ 8” หากนักเรียนจะต้องแจ้งขอความช่วยเหลือ “การแพทย์ฉุกเฉิน” คิดว่าสิ่งที่นักเรียนควรทำ ที่สุด คืออะไรบ้าง ', 0, 9, 0, '2019-11-23 10:36:09'),
(60, 6, 'ข้อใดถูกต้อง', 0, 10, 0, '2019-11-23 10:36:09');

-- --------------------------------------------------------

--
-- Table structure for table `exam_result`
--

CREATE TABLE `exam_result` (
  `id` int(11) NOT NULL,
  `user_id` int(11) NOT NULL,
  `exam_id` int(11) NOT NULL,
  `score` int(11) NOT NULL,
  `status` int(11) NOT NULL,
  `created_at` timestamp NOT NULL DEFAULT CURRENT_TIMESTAMP ON UPDATE CURRENT_TIMESTAMP
) ENGINE=InnoDB DEFAULT CHARSET=utf8;

--
-- Dumping data for table `exam_result`
--

INSERT INTO `exam_result` (`id`, `user_id`, `exam_id`, `score`, `status`, `created_at`) VALUES
(1, 170, 1, 2, 1, '2019-11-24 15:21:09'),
(2, 173, 1, 0, 1, '2019-11-25 08:52:07'),
(3, 173, 1, 6, 2, '2019-11-25 08:58:03');

-- --------------------------------------------------------

--
-- Table structure for table `exam_tmp`
--

CREATE TABLE `exam_tmp` (
  `id` int(11) NOT NULL,
  `user_id` varchar(50) NOT NULL,
  `exam_id` varchar(50) NOT NULL,
  `score` varchar(50) NOT NULL
) ENGINE=InnoDB DEFAULT CHARSET=utf8;

--
-- Dumping data for table `exam_tmp`
--

INSERT INTO `exam_tmp` (`id`, `user_id`, `exam_id`, `score`) VALUES
(46, 'present', '01', ''),
(47, 'present', '01', ''),
(48, 'present', '01', ''),
(49, 'present', '01', ''),
(50, 'absent', '01', ''),
(51, 'present', '01', ''),
(52, 'absent', '01', ''),
(53, 'present', '01', ''),
(54, 'absent', '01', ''),
(55, 'present', '01', '');

-- --------------------------------------------------------

--
-- Table structure for table `project`
--

CREATE TABLE `project` (
  `prj_id` int(11) NOT NULL,
  `prj_code` varchar(50) NOT NULL,
  `prj_name` varchar(200) DEFAULT NULL,
  `prj_description` varchar(250) DEFAULT NULL,
  `prj_icon_fa` varchar(100) DEFAULT NULL,
  `prj_link` varchar(250) DEFAULT NULL,
  `prj_status` int(11) DEFAULT NULL,
  `prj_type` varchar(10) DEFAULT NULL,
  `prj_color` varchar(10) DEFAULT NULL,
  `dep_id` int(11) DEFAULT NULL
) ENGINE=InnoDB DEFAULT CHARSET=utf8;

--
-- Dumping data for table `project`
--

INSERT INTO `project` (`prj_id`, `prj_code`, `prj_name`, `prj_description`, `prj_icon_fa`, `prj_link`, `prj_status`, `prj_type`, `prj_color`, `dep_id`) VALUES
(1, 'RPT_JOBSLIT', 'RPT_JOBSLIT', 'RPT_JOBSLIT', NULL, '?RPT_JOBSLIT/index', NULL, '1', NULL, 1),
(2, 'connect_mysql', 'connect_mysql', 'connect_mysql', 'connect_mysql', '?connect_mysql/index', 1, NULL, NULL, 1),
(3, 'app_examinations', 'app_examinations', 'app_examinations', NULL, '?app_examinations/index', NULL, NULL, NULL, 1);

-- --------------------------------------------------------

--
-- Table structure for table `users`
--

CREATE TABLE `users` (
  `id` int(11) NOT NULL,
  `name` varchar(100) NOT NULL,
  `username` varchar(50) NOT NULL,
  `password` varchar(255) NOT NULL,
  `email` varchar(100) NOT NULL,
  `fb_id` varchar(20) NOT NULL,
  `pretest` int(1) NOT NULL,
  `avatar` text NOT NULL,
  `class_room` varchar(50) NOT NULL,
  `room_no` varchar(50) NOT NULL,
  `school` varchar(50) NOT NULL,
  `created_at` timestamp NOT NULL DEFAULT CURRENT_TIMESTAMP ON UPDATE CURRENT_TIMESTAMP
) ENGINE=InnoDB DEFAULT CHARSET=utf8;

--
-- Dumping data for table `users`
--

INSERT INTO `users` (`id`, `name`, `username`, `password`, `email`, `fb_id`, `pretest`, `avatar`, `class_room`, `room_no`, `school`, `created_at`) VALUES
(1, 'บอส เกรียงศักดิ์', '', '', 'gto_winter@hotmail.com', '10209371551229866', 0, '', '', '', '', '2017-06-13 07:25:51'),
(2, 'นางสาวนิสานาถ  แสงมณีดา**', '', '', 'minthanaja@gmail.com', '875505049253934', 0, '', '', '', '', '2017-06-14 03:56:53'),
(3, 'นายสมชาย อวยยือกู่', '', '5cb3e6c8e2006a100be23cb01d39bfe7', 'lovelike-5861@hotmail.com', '', 0, '', '', '', '', '2017-06-14 03:56:30'),
(4, 'นายวิชัย พิมลมณีกุล**', '', '80e12c8d353a6b4ae0b077d3f46d4d3d', 'clashlovedo7@hotmail.com', '', 0, '', '', '', '', '2017-06-14 03:56:15'),
(5, 'นายเกษม สุพรรณ**', '', 'ac21bd93be2bb8ea6128d178747ef808', 'lovetar007_@hotmail.com', '', 0, '', '', '', '', '2017-06-14 03:55:31'),
(6, 'นางสาวธัญญาเรศ อภิจำนงเจริญ**', '', 'efabc1fd435648d5ff1adac1e1740c45', 'tanyaret_456@hotmail.com', '', 0, '', '', '', '', '2017-06-14 03:54:52'),
(7, 'นางสาวสายสุดา แลเชอ**', '', '68c776ac758df2b9854ba0ebf6b95d91', 'Lovekala090@hotmail.com', '', 0, '', '', '', '', '2017-06-14 03:54:02'),
(8, 'นายวีระชัย วิเศษพรงาม**', '', '0dbec98a7e0448ea125a4e3676646604', 'chrai704@hotmail.com', '', 0, '', '', '', '', '2017-06-14 03:55:08'),
(9, 'นางสาวสุภา หม่องโปกู่**', '', '770b4f9dfdf6f63bdf26038567ee8381', 'supaploy953@gmail.com', '', 0, '', '', '', '', '2017-06-14 03:53:28'),
(10, 'นายอนุชา  เชอมื่อ**', '', '65d71ae378d333ad6201d08c4f2e6823', 'anuchaleo499@gmail.com', '', 0, '', '', '', '', '2017-06-14 03:53:02'),
(11, 'นางสาวน้ำฝน โสภณเอื้ออำนวย**', '', '546622866998f97464dc4bfcc2f71844', 'namfon174117@gmail.com', '', 0, '', '', '', '', '2017-06-14 03:53:16'),
(12, 'นายอาหมื่อ แลเชอ**', '', '48977c56d060d9f63352f9b815a715d1', 'armer3.2mk@gmail.com', '', 0, '', '', '', '', '2017-06-14 03:52:22'),
(13, 'นายณรงค์ศักดิ์ เบเชียกู่**', '', '752c490a63c07b300932919df7231ecc', 'milolovenana@hotmail.co.th', '', 0, '', '', '', '', '2017-06-14 03:52:01'),
(14, 'นางสาวสายฝน อภิสุนทรกุล**', '', 'e8faddc352cb170ea8eb574aa069ee44', 'saifonfon1122@gmail.com', '', 0, '', '', '', '', '2017-06-14 03:51:46'),
(15, 'นางสาวชบา แยส่อกู่**', '', '3dc58cd8180b4d8c6bfd24b2c6852075', 'Ann24111998@gmail.com', '', 0, '', '', '', '', '2017-06-14 03:47:14'),
(16, 'นางสาวกมลพรรณ  มือแหล่กู่**', '', 'e29af970a271fef98455247c68596478', 'keawo1071988@gmail.com', '', 0, '', '', '', '', '2017-06-14 03:46:03'),
(17, 'นางสาวสุมิตรา วิบูลวิโรจน์วงศ์**', '', 'dae11c32b3d226dacb53854087d1ace4', 'jumsmoke19@gmail.com', '', 0, '', '', '', '', '2017-06-14 03:45:28'),
(18, 'นายรัชชานนท์ เมอโป**', '', '9d499d948d43381e64fb29d2152ab636', 'ratchanon4023@gmail.com', '', 0, '', '', '', '', '2017-06-14 03:45:11'),
(19, 'นายวันชัย อภิเสถียรพงศ์**', '', '9a488165855fbfe57a1a9bb54b1db427', 'wanchaibigza123@gmail.com', '', 0, '', '', '', '', '2017-06-14 03:50:55'),
(20, 'นายนิพนธ์ แซ่กอ**', '', '370c0f030ff082bf24b16ed88d273673', 'lom123345_@gmail.com', '', 0, '', '', '', '', '2017-06-14 03:10:33'),
(21, 'นายวันชัย บุญเป็ง**', '', '339b86bfc3458bb834085546794e5514', 'chai_hnk@hotmail.co.th', '', 0, '', '', '', '', '2017-06-14 03:11:19'),
(22, 'นางสาวภาวิณี  หมื่อโปะกู่**', '', 'bcd2ba1b69ce085ac209fd14d7bfb195', 'paweenee.dew123@gmail.com', '', 0, '', '', '', '', '2017-06-14 03:25:13'),
(23, 'นางสาววัลภา หมื่อโปะกู่**', '', '819d096ad720c6d7dcfe7ad017bd2a99', 'wallapa.wan17@gmail.com', '', 0, '', '', '', '', '2017-06-14 03:24:44'),
(24, 'นายภาณุเดช อภิสิริวิทยา**', '', '79396199414afe8cada9af8be24e8c2a', 'panudet433@gmail.com', '', 0, '', '', '', '', '2017-06-14 03:14:03'),
(25, 'นางสาวอัจฉรา เสมากูล', '', '49bf1b5c7a424cc14198aa056800d92b', 'autcharapaii70@gmail.com', '', 0, '', '', '', '', '2017-06-14 07:09:51'),
(26, 'นายชยพล ขัดบุญเรือง', '', 'f60a264bd001d12574c3727bf485a0f8', 'aunwan11@gmail.com', '', 0, '', '', '', '', '2017-06-14 07:09:42'),
(27, 'นายสันติ แซ่โซ้ง', '', 'ca9fba5891042bc92531db2695aba17a', 'sportfoto2018@gmail.com', '', 0, '', '', '', '', '2017-06-14 07:11:25'),
(28, 'นางสาวจิราพร  ผ่าห้วย', '', '449d5362fdc461b25f98a61d6500f38a', 'bb_fanlike@hotmail.com', '', 0, '', '', '', '', '2017-06-22 10:45:44'),
(29, 'นางสาวสุนิสา เวยยื่อ', '', 'ad2eece594d5a81ec3288ea2c8b399f0', 'sunisaweyyux@gmail.com', '', 0, '', '', '', '', '2017-06-14 07:24:00'),
(30, 'นางสาวรัตนาภรณ์ สันติคีรีดล', '', '6ba70bb28a5a0d671ca8dd4bb488be83', 'rattanaporn_812@hrkschool.ac.th', '', 0, '', '', '', '', '2017-06-14 07:06:57'),
(31, 'นางสาวเสาว์ลักษณ์ เนาว์ชมภู', '', '17915b1c47d47175c4fb578a362acac9', 'saowarak777@gmail.com', '', 0, '', '', '', '', '2017-06-14 06:27:58'),
(32, 'นางสาวกานดา เชอหมื่อ', '', 'b0db9e883f27b9284acae529380b02e0', 'Kanda_803@hrkschool.ac.th', '', 0, '', '', '', '', '2017-06-14 07:15:10'),
(33, 'นายเชิดชัย วิเศษเงินทวี', '', '64dc77ebc421c9828bf5326648e33098', 'cherdchai_802@hrkschool.ac.th', '', 0, '', '', '', '', '2017-06-14 07:17:05'),
(34, 'นางสาวกัญญาวีร์  ผ่าวอ', '', '703c9a4e9825599758fc7648e701d995', 'knay_1-3_@hotmail.com', '', 0, '', '', '', '', '2017-06-14 07:19:19'),
(35, 'นางสาวสุมาลี แยส่อกู่', '', '00a53daa5a67dfaf0ad2072949ac8b28', 'sumali09586@gmail.com', '', 0, '', '', '', '', '2017-06-14 07:19:08'),
(36, 'นางสาวกนกวรรณ เบเมียกู่', '', 'ea38813784c98a8b74039fba47e08ecb', 'kanokwan23450@gmail.com', '', 0, '', '', '', '', '2017-06-14 07:23:39'),
(37, 'นางสาวเวธกา ไพรพรรษา', '', '63842be0dde7647f01ab81b807ef5a9c', 'numlovemo_123@hotmail.com', '', 0, '', '', '', '', '2017-06-14 07:11:01'),
(38, 'นางสาวอรญา  คำมา', '', 'c346acb2d0eb74301217c1174e8b6323', 'saydaengkiki@gmail.com', '', 0, '', '', '', '', '2017-06-14 07:15:37'),
(39, 'นางสาวพรวิไล ตาวงค์', '', '538f9a204ecadafb1ec55b2d42e0eda8', 'vongkav@hotmail.com', '', 0, '', '', '', '', '2017-06-14 07:11:55'),
(40, 'นางสาวนิตยา วิมลสันติสุข', '', '3a9d72b03fcee4f621ff61faf02f7bd7', 'I\'mfather_456@hotmail.com', '', 0, '', '', '', '', '2017-06-14 07:12:20'),
(41, 'นางสาวรุ่งรัตน์ แลเชอะ', '', '403d7548bdf9c9213da1a216416339a7', 'bing-oun@hotmail.com', '', 0, '', '', '', '', '2017-06-14 07:17:21'),
(42, 'นางสาวชุลีพร กาแชกู่', '', '8d5a8179c75e88f2a27a603a50e5a46c', 'Chuleeporn_805@hrkschool.ac.th', '', 0, '', '', '', '', '2017-06-14 06:32:29'),
(43, 'นางสาวยุพิน วิเศษงามปกรณ์', '', 'f6441a08b473003fb876d559b5c2bbe4', 'YUPIN000671@GMALI.COM', '', 0, '', '', '', '', '2017-06-14 07:17:03'),
(44, 'Songklod IToon Saengvoratip', '', '', 'itoon.sit2@gmail.com', '16280894938736701', 0, '', '', '', '', '2017-06-14 07:08:36'),
(45, 'Songklod IToon Saengvoratip', '', '', 'itoon.sit@gmail.com', '1628089493873670', 0, '', '', '', '', '2017-06-14 07:08:49'),
(46, 'Ukrit Ruckcharti', '', '', 'ukrit_r@me.com', '10203381068084039', 0, '', '', '', '', '2017-06-14 07:13:51'),
(47, 'น้อย', '', 'ceb8447cc4ab78d2ec34cd9f11e4bed2', 'Df@hotmail.com', '', 0, '', '', '', '', '2017-06-26 03:44:20'),
(48, 'Wakkee Keereekaew', '', '', 'wakkee_vac@hotmail.com', '1440894012621070', 0, '', '', '', '', '2017-06-29 05:40:10'),
(49, 'Kaurwon Sumongkonjarean', '', '', 'kaurwon@gmail.com', '1386064594813727', 0, '', '', '', '', '2017-07-01 03:44:47'),
(50, 'Tang Doungporn', '', '', 'dztang070@gmail.com', '1471808966215995', 0, '', '', '', '', '2017-07-01 03:47:10'),
(51, 'สมเกียียรติ์ อินทร์ชน', '', '25f9e794323b453885f5181f1b624d0b', '1254@hotmail.com', '', 0, '', '', '', '', '2017-07-01 03:56:36'),
(52, 'จตุรงค์ บำรุงพงศ์', '', 'e10adc3949ba59abbe56e057f20f883e', '1234@hotmail.com', '', 0, '', '', '', '', '2017-07-01 03:57:09'),
(53, 'วิไล จะอื่อ', '', '1971f7f11f952799f4ac66809b4f99e3', 'Luseeka@hotmail.com', '', 0, '', '', '', '', '2017-07-11 07:05:00'),
(54, 'ณรงค์ชัย', '', '6ba48d594d33baaf58f3ff3b733820cc', 'narongchai_ball@hotmail.com', '', 0, '', '', '', '', '2017-07-30 18:29:25'),
(55, 'บอส', '', '25f9e794323b453885f5181f1b624d0b', 'win@hotmail.com', '', 0, '', '', '', '', '2017-09-26 03:42:54'),
(56, 'ภาคภูมิ  โฉมงาม', '', 'e7cf794df8a76edf53f17063aa6d99bd', 'Poomschool@hotmail.co.th', '', 0, '', '', '', '', '2017-10-03 02:53:13'),
(57, 'Thunjira Thanasiritachanant', '', '8193f431711b0abac4cd0432ce92ca49', 'thunjira.t@niems.go.tn', '', 0, '', '', '', '', '2017-10-06 23:58:21'),
(58, 'Jah-ja Kongsommat', '', '', 'jaja_coj3pbm@hotmail.com', '10208573198322107', 0, '', '', '', '', '2017-10-07 05:13:03'),
(59, 'Pisit Sbb', '', '', 'pisit_tle@hotmail.com', '10203631749391445', 0, '', '', '', '', '2017-10-07 05:23:42'),
(60, 'Ninekie Siri', '', '', 'nine_kie@yahoo.com', '10209333125065451', 0, '', '', '', '', '2017-10-10 02:43:10'),
(61, 'ธัณณ์จิรา  ธนาศิริธัชนันท์', '', '8193f431711b0abac4cd0432ce92ca49', 'thinjira.t@niems.go.th', '', 0, '', '', '', '', '2017-10-10 02:47:07'),
(62, 'ธัณณ์จิรา ธนาศิริธัชนันท์', '', '8193f431711b0abac4cd0432ce92ca49', 'thunjira.t@niems.go.th', '', 0, '', '', '', '', '2017-10-10 03:38:47'),
(63, 'boss1', '', 'fcea920f7412b5da7be0cf42b8c93759', 'boss1@hotmail.com', '', 0, '', '', '', '', '2017-12-17 02:24:09'),
(64, 'boss2', '', '3b7c32a613d841c8ee7694d36f083858', 'boss2@hotmail.com', '', 0, '', '', '', '', '2017-12-17 02:34:56'),
(65, 'bom', '', 'e2e6c938b1ba54909ea0b0952235bfaa', 'bom@hotmail.com', '', 0, '', '', '', '', '2018-01-14 01:35:30'),
(66, 'ธีรศักดิ์', '', '105fb0578a9e90c458f69bad63c38709', '0947235610', '', 0, '', '', '', '', '2018-01-15 03:57:30'),
(67, 'Ploy Prayfon', '', '', 'ff54605460@gmail.com', '177352913021898', 0, '', '', '', '', '2018-01-15 03:58:07'),
(68, 'Supawan Ponsakunpaisan', '', '', 'yfhfufk1234@gmail.com', '402715830156658', 0, '', '', '', '', '2018-01-15 03:58:20'),
(69, 'ดาว  น้อยตาล', '', 'dae35150d087d2a92c37c58bbfb8c219', 'dao@gmail.com', '', 0, '', '', '', '', '2018-01-15 03:58:59'),
(70, 'แสงดาว ไทยใหญ่', '', 'a00409fba3e089c808be7f83a90590ee', 'Sangdao@gmail.com', '', 0, '', '', '', '', '2018-01-15 04:04:05'),
(71, 'มนทิตยา หริชัยกุล', '', 'dc7f917016b4cf78068a7a2462aa7f74', 'มนทิตยา หริชัยกุล', '', 0, '', '', '', '', '2018-01-15 04:03:18'),
(72, 'เจมส์ เรืองศักดิ์', '', '81dc9bdb52d04dc20036dbd8313ed055', 'เจมส์@hotmail.com', '', 0, '', '', '', '', '2018-01-15 04:04:16'),
(73, 'ศศิธร แซ่หง', '', '31c2ac83e1a91fe20d596e6198775484', 'liwliwhong123@gmail.com', '', 0, '', '', '', '', '2018-01-15 04:04:51'),
(74, 'คำออน ไทยใหญ่', '', 'ea29ed710ace1a0460b3a6cef7ca4754', 'Khamorn@gmail.com', '', 0, '', '', '', '', '2018-01-15 04:06:57'),
(75, 'กรรณิการ์  ตาสุด', '', '92ff9236a86d9aa7baf3383dc9ea86b2', 'Kannika@gmail.com', '', 0, '', '', '', '', '2018-01-15 04:06:48'),
(76, 'ทดสอบมอหก', '', '81dc9bdb52d04dc20036dbd8313ed055', 'ทดสอบมอหก', '', 0, '', '', '', '', '2018-01-15 04:22:44'),
(77, 'ทดสอบมอหก', '', '81dc9bdb52d04dc20036dbd8313ed055', 'ทดสอบมอหก@hotmail.com', '', 0, '', '', '', '', '2018-01-15 04:36:17'),
(78, 'ทดสอบมอสาม', '', '81dc9bdb52d04dc20036dbd8313ed055', 'ทดสอบมอสาม@hotmail.com', '', 0, '', '', '', '', '2018-01-15 04:57:44'),
(79, 'ทดสอบมอสามทับสอง', '', '81dc9bdb52d04dc20036dbd8313ed055', 'ทดสอบมอสามทับสอง@hotmail.com', '', 0, '', '', '', '', '2018-01-15 08:43:55'),
(80, 'ขวัญฤทัย ไร่ยี่', '', 'c4b0ca059b675d5fc6f1fe827bced1bd', 'Kwanretai4660314@hmail.com', '', 0, '', '', '', '', '2018-01-15 15:08:56'),
(81, 'ทดสอบมอสองทับสอง', '', '81dc9bdb52d04dc20036dbd8313ed055', 'ทดสอบมอสองทับสอง@hotmail.com', '', 0, '', '', '', '', '2018-01-17 02:55:15'),
(82, 'ทดสอบมอสองทับหนึ่ง', '', '81dc9bdb52d04dc20036dbd8313ed055', 'ทดสอบมอสองทับหนึ่ง@hotmail.com', '', 0, '', '', '', '', '2018-01-17 04:34:31'),
(83, 'ทดสอบมอสี่ทับหนึ่ง', '', '81dc9bdb52d04dc20036dbd8313ed055', 'ทดสอบมอสี่ทับหนึ่ง@hotmail.com', '', 0, '', '', '', '', '2018-01-23 02:22:05'),
(84, 'ทดสอบสี่ทับสอง', '', '81dc9bdb52d04dc20036dbd8313ed055', 'ทดสอบสี่ทับสอง@hotmail.com', '', 0, '', '', '', '', '2018-01-18 03:05:14'),
(85, 'ทดสอบมอห้าทับหนึ่ง', '', '81dc9bdb52d04dc20036dbd8313ed055', 'ทดสอบมอห้าทับหนึ่ง@hotmail.com', '', 0, '', '', '', '', '2018-01-22 01:59:03'),
(86, 'ทดสอบมอสามทับหนึ่ง', '', '81dc9bdb52d04dc20036dbd8313ed055', 'ทดสอบมอสามทับหนึ่ง@hotmail.com', '', 0, '', '', '', '', '2018-01-22 07:57:24'),
(87, 'ทดสอบมอหกทับสอง', '', '81dc9bdb52d04dc20036dbd8313ed055', 'ทดสอบมอหกทับสอง@hotmail.com', '', 0, '', '', '', '', '2018-01-23 06:43:06'),
(88, 'boss121', '', '81dc9bdb52d04dc20036dbd8313ed055', 'boss121@hotmail.com', '', 0, '', '', '', '', '2018-01-29 02:38:59'),
(89, 'boss', '', 'ceb8447cc4ab78d2ec34cd9f11e4bed2', 'boss@gmail.com', '', 0, '', '', '', '', '2019-04-08 07:56:13'),
(90, 'test1', '', '5a105e8b9d40e1329780d62ea2265d8a', 'test@hotmail.com', '', 0, '', '', '', '', '2018-05-31 04:40:21'),
(91, 'test9', '', '739969b53246b2c727850dbb3490ede6', 'test9@hotmail.com', '', 0, '', '', '', '', '2018-05-31 06:03:28'),
(92, 'วรพิชชา', '', '25f9e794323b453885f5181f1b624d0b', 'woraphitcha659@gmail.com', '', 0, '', '', '', '', '2018-09-05 01:48:17'),
(93, 'ณัฐนนท์ ณะฤทธิ์', '', 'eba7b57e9a91986f6b1154f579f8269e', 'natthanon2601@gmail.com', '', 0, '', '', '', '', '2019-03-29 18:43:03'),
(94, 'boss9', '', '6035065475e37ece42f0d5df2ff086e9', 'boss9@gmail.com', '', 0, '', '', '', '', '2019-05-29 17:26:56'),
(95, 'boss9', '', '25f9e794323b453885f5181f1b624d0b', 'gtowinter@hotmail.com', '', 0, '', '', '', '', '2019-06-25 03:27:21'),
(96, 'นิวัฒน์  กองแสน', '', '3d3ab7ec2b547f56286b05cbd9076bf2', 'niwat-kong@hotmail.com', '', 0, '', '', '', '', '2019-10-28 03:21:04'),
(97, 'สุรเดช', '', 'a5859547d6675d49b052c5109730a4f0', 'suradech.j511@gmail.com', '', 0, '', '', '', '', '2019-10-30 03:21:31'),
(98, 'Narong', '', '99de98c318857b01164018cb71039a9c', 'ems4children@gmail.com', '', 0, '', '', '', '', '2019-10-30 03:44:42'),
(99, 'Nonthawat(หล่อ)', '', 'a1a8a1fc0433373ebd803c2a36caf031', '0637548401za@gmail.com', '', 0, '', '', '', '', '2019-10-31 05:52:51'),
(100, 'อนุชิต พลยุทธ', '', 'aabda730052221c918c5d122bc77fc12', 'anuchitponlayuth@gmail.com', '', 0, '', '', '', '', '2019-10-31 05:52:56'),
(101, 'กฤษฎาเขียวงาม', '', '783a3705d04882f586e59ec864e7d676', 'zaiopkimdopper@gmail.com', '', 0, '', '', '', '', '2019-10-31 05:52:58'),
(102, 'ทรงพล ลิโชนิตย์', '', '750accc8cf77fda9b647cda08a942d78', 'True0968927853@gmail.com', '', 0, '', '', '', '', '2019-10-31 05:53:12'),
(103, 'อริสา วงค์ชัย', '', '785f9697073a959b2e21ce46812daa9f', 'arisawongchai@gmail.com', '', 0, '', '', '', '', '2019-10-31 05:53:18'),
(104, 'อภินันท์ เอกพันธ์', '', '98a16959a86e83ab0b4b97be3715359e', 'oil1134tv@gmail.com', '', 0, '', '', '', '', '2019-10-31 05:53:34'),
(105, 'อนุชิต สุพล', '', 'cc11a2b7f090eda4cbbcd7cc9b5da1fa', 'Anuchit.su28@gamil.com', '', 0, '', '', '', '', '2019-10-31 05:53:35'),
(106, 'จินตนา ต่อนสุรา', '', '65700474eaf227ede5b3e547b48c0bf3', 'tonsoorajin@gmail.com', '', 0, '', '', '', '', '2019-10-31 05:53:36'),
(107, 'อภิสรา ไชยชนะ', '', '56765c16df55ad6e323ff133698593ec', 'true0886209346@gmail.com', '', 0, '', '', '', '', '2019-10-31 05:53:43'),
(108, 'ชลดา คงบัว', '', 'bd6e5cf07f987caf979b5325d51a536c', 'Chonrada@gmail.com', '', 0, '', '', '', '', '2019-10-31 05:53:46'),
(109, 'กิตติพันธ์ ภูกองไชย', '', 'c5df2b6e6d16c4b45a49fbcc4e7525a0', 'poshkt01@gmail.com', '', 0, '', '', '', '', '2019-10-31 05:53:59'),
(110, 'พสธร พุฒิมา', '', '373a3fe10d1b2500cf7709f3fd930f64', 'fookpeeba@gmail.com', '', 0, '', '', '', '', '2019-10-31 05:54:09'),
(111, 'เขมวันต์ สมกันทา', '', '32c596cbd5d175a4c3a9dff2ae7bbb88', 'Somkanta.ta@gmail.com', '', 0, '', '', '', '', '2019-10-31 05:54:20'),
(112, 'วรพรรณ บุญเรือง', '', '4cf6e417561c9d4afa4d146bd0f49bdb', 'worapanboonrueng17082546@gmail. Com', '', 0, '', '', '', '', '2019-10-31 05:54:29'),
(113, 'ศุภกรณ์ วังใจ', '', '9b656dbf99727c96299b1c6482db2e8c', 'noommert5555@gmail.com ', '', 0, '', '', '', '', '2019-10-31 05:54:47'),
(114, 'ธิติวุฒิ มูลพลึก', '', '2ea0eed3bc917fd12cab21c183b2a6f2', 'Wwwe57210@gmail.cim', '', 0, '', '', '', '', '2019-10-31 05:55:27'),
(115, 'Rungnapa Suepsan', '', 'd6d17f9df7d5f42175df677ab2021bbe', 'PHAER098628@gmail.com', '', 0, '', '', '', '', '2019-10-31 05:56:00'),
(116, 'ชลดา คงบัว', '', 'bd6e5cf07f987caf979b5325d51a536c', 'Chonrada @gmail. Com', '', 0, '', '', '', '', '2019-10-31 05:56:24'),
(117, 'กันยารัตน์ บัวเงิน', '', 'abc804bb7dacccd4a04ab88957c25886', 'Filmnoii.5599.Filmnoii@gmail.com', '', 0, '', '', '', '', '2019-10-31 05:56:32'),
(118, 'คติศักดิ์ สระศรี', '', '1796a48fa1968edd5c5d10d42c7b1813', ' Narong.srasri2520@gmail.com', '', 0, '', '', '', '', '2019-10-31 05:56:57'),
(119, 'วัชระ ชำนาญ', '', '74609230f1237a3410d53823420d754f', 'chanawachra@gmail.com', '', 0, '', '', '', '', '2019-10-31 05:56:58'),
(120, 'สุรยุทธ์ สุรินธรรม', '', '32eb45faeb3f237e68328b91830050c8', 'Surayuth19@hotmail.com', '', 0, '', '', '', '', '2019-10-31 05:57:25'),
(121, 'เดชสิทธิ์ มั่นกุง', '', '6678726270f3911e85febccc23b9efee', 'reesor_rocker@gmail.com', '', 0, '', '', '', '', '2019-10-31 06:00:11'),
(122, 'Ploypailin', '', '7e993aa300a71c0eca48e1e31cc4719f', 'Ploypailin11az@gmail.com', '', 0, '', '', '', '', '2019-10-31 06:00:24'),
(123, 'ศิรินทร์ญา มีมา', '', 'e7b38acdc69fa748270ddc9a4c57ccad', 'Sirinya12346@gmail.com', '', 0, '', '', '', '', '2019-10-31 06:01:00'),
(124, 'Saknaret', '', '06773df0c487f72b63c639cf64ffc1c9', 'Saknaret22az@gmail.com', '', 0, '', '', '', '', '2019-10-31 06:01:16'),
(125, 'ศรัณย์ คำทอง', '', '07c0effeb835035210b394734c0459ed', 'Agav1769@gmail.com', '', 0, '', '', '', '', '2019-10-31 06:01:17'),
(126, 'เนวินทร์  วงค์อุทา', '', 'c0de0d6d2d46dd743d7be7863a9c2d25', 'Cakeee500@gmail.com', '', 0, '', '', '', '', '2019-10-31 06:01:36'),
(127, 'น.ส.มินทรา นามขันธ์', '', '7070541bd823f9f85f05c7469a19efb3', 'mintra1234567890wow@gmail.com', '', 0, '', '', '', '', '2019-10-31 06:02:58'),
(128, 'นางสาว​ ชลดา​ ศรีพรม', '', '8f85ab317ad91fa721e08e2e1d2a1a39', 'Chonlada8765boww@gmail.com​', '', 0, '', '', '', '', '2019-10-31 06:03:00'),
(129, 'วิมลสิริ สุขอุดมโชค', '', 'd4b86c13aca61131c98a7322671aca8c', 'Wimonsiri.sukaudomchok.com', '', 0, '', '', '', '', '2019-10-31 06:03:42'),
(130, 'แววดาวศรีพรม', '', '7fe100fadc188d06879ceabe2061ba3d', 'XXXporn123rgmail. com', '', 0, '', '', '', '', '2019-10-31 06:04:09'),
(131, 'อาทิตย์', '', '35eb715cc9b47a41ea54265141dadceb', 'ใจคำปัน', '', 0, '', '', '', '', '2019-10-31 06:05:32'),
(132, 'Runglawan', '', '373b600d8ce9374932048cca4a000264', 'Runglawan57210@gmail.com', '', 0, '', '', '', '', '2019-10-31 06:05:49'),
(133, 'ศิรินทร์ญา มีมา', '', 'e7b38acdc69fa748270ddc9a4c57ccad', 'Sirinya123456@gmail.com', '', 0, '', '', '', '', '2019-11-01 05:49:25'),
(134, 'กันยาพร บุญหล้า', '', '7f2ce27bc9c27f8e48a51e1896eda7c6', '0987806312fiw@gmail.com', '', 0, '', '', '', '', '2019-11-01 05:49:45'),
(135, 'กรรณิการ์ ทันยะ', '', '0ada6ea960f86693f340eccbf71bc198', 'Kannikatanya1234.07649eye@gmail.com', '', 0, '', '', '', '', '2019-11-01 05:50:47'),
(136, 'Jaruwan Jayee', '', '304cb015e01e818e8b625d1fb80889bf', 'Jaruwanjayee5555@gmail.com ', '', 0, '', '', '', '', '2019-11-01 06:48:21'),
(137, 'อรชัญญา แรงจินะ', '', '4fc02a43b31257f63fb29c38bf970793', 'Thanawan31649@gmail.com', '', 0, '', '', '', '', '2019-11-01 06:48:23'),
(138, 'Laksika', '', '1620e83e713512c9b183524d0110af8c', 'laksikamoonjai@gmail.com', '', 0, '', '', '', '', '2019-11-01 06:48:24'),
(139, 'Worarat ', '', '676879b49aa34de57dc5705e4bdf9d9f', 'worarat3002@gmail.com', '', 0, '', '', '', '', '2019-11-01 06:48:25'),
(140, 'Pemika Rachakom', '', '60551ba906c59e797382cece7305b7b7', 'pemika226600@gmail.com', '', 0, '', '', '', '', '2019-11-01 06:48:32'),
(141, 'น.ส.ชลินทรา ลาวิราช', '', '5243e017475b45d7809c3a4138a8e52a', 'Kamponggood1234@gmail.com', '', 0, '', '', '', '', '2019-11-01 06:48:33'),
(142, 'Piyada', '', 'f3d45a495b7e90b7ecc30ee4a97a5582', 'piyadakhampawa@gmail.com', '', 0, '', '', '', '', '2019-11-01 06:48:34'),
(143, 'Chawanluk', '', '97f9d1b1e238fb7be254be26bdfa0ebc', 'chawanluk1011@gmail.com', '', 0, '', '', '', '', '2019-11-01 06:48:34'),
(144, 'SippakorngGG', '', 'ea6ac4046284eb1a2a4001c33ebfed9c', 'Shiinopeow@gmail.com', '', 0, '', '', '', '', '2019-11-01 06:48:53'),
(145, 'Sasiwimon', '', '8ee414f836d31edc2bf611c3ae5c1557', 'smileeve191@gmail.com', '', 0, '', '', '', '', '2019-11-01 06:49:00'),
(146, 'นาย ธนธรณ์ โม๊ะจันทร์', '', '156e355e59a8bf69c1bb9d75f0e34550', 'guy9657th@gmail.com', '', 0, '', '', '', '', '2019-11-01 06:49:09'),
(147, 'Juthathip thongkua', '', 'bc5768a323637541d331ec9b8b2d42a6', 'juthat2324@gmail.com', '', 0, '', '', '', '', '2019-11-01 06:49:09'),
(148, 'Waramporn​', '', '770ae96e5c55fb1e8d8ae26f6607c7d7', 'waramporn.8411@gmail.com​', '', 0, '', '', '', '', '2019-11-01 06:49:11'),
(149, 'Jeeranan Phueadnok', '', 'b86337befff50a97f333a475dcb746af', 'jeeranan.phueadnok2546@gmail.com', '', 0, '', '', '', '', '2019-11-01 06:49:19'),
(150, 'สุริวรรณ วิไล', '', 'eb6324f3a0513272d13ac436dbdd2473', 'Suriwanw1@gmail.com', '', 0, '', '', '', '', '2019-11-01 06:49:34'),
(151, 'Petchara Thansirikoon', '', '76c6a5f97af0e258e859f69780cfbe42', 'petchara7590@gmail.com', '', 0, '', '', '', '', '2019-11-01 06:49:34'),
(152, 'พัชรีภรณ์ มณีจันสุข', '', '630fdd0eecc21ec8f74bb6a93c417cf3', 'room00413@gmail.com', '', 0, '', '', '', '', '2019-11-01 06:49:58'),
(153, 'นาย พีรพัฒน์ บอกบุญ', '', '143f80918d2aba6249f73dd847470c7b', 'peerapatbokboon@gmail.com', '', 0, '', '', '', '', '2019-11-01 06:50:02'),
(154, 'กาญจนา แซ่ลี', '', '1b9b0f0eaf2943622c8c1e4804528217', 'kanjanasaelee604@gmail.com', '', 0, '', '', '', '', '2019-11-01 06:50:19'),
(155, 'นางสาว พนิดา. แซ่หยาง', '', '876c9556648fafe6c8bd15438f08bd8f', 'Panidasaeyang999@gamil.com', '', 0, '', '', '', '', '2019-11-01 06:50:25'),
(156, 'อมลรุจี นัยติ๊บ', '', '5ed98a521dfea97335c17521a470be56', 'Liw0947829674@gmail.com', '', 0, '', '', '', '', '2019-11-01 06:51:45'),
(157, 'กวิน มณีวรรณ์', '', '38871afa58f5f8b82d16347334acc4d9', 'Kawinmaneewain@gmail.com', '', 0, '', '', '', '', '2019-11-01 06:52:11'),
(158, 'ทิพรัตน์ กันชัยเทพ', '', '055cb0907c002ea36892f5768e307f88', 'Kanchaitheptipparat@gmail.com', '', 0, '', '', '', '', '2019-11-01 06:53:04'),
(159, 'สุธินันท์ แก้วจันทา', '', '85ac5c3f822ab34ad795ebe9c3166d5f', 'sutinuntpalmmypalm@gmail.com', '', 0, '', '', '', '', '2019-11-01 06:53:28'),
(160, 'Tanjira Tapanya', '', '8cdaee66bdd5400b0b58c1f05addf3f3', 'tajira.tapanya@gmail.com', '', 0, '', '', '', '', '2019-11-01 06:53:31'),
(161, 'ชวัลวิทย์ กาจีนะ', '', '32084bc7a30b44d632f37c0c51cbfa06', 'true0640599704@gmail.com', '', 0, '', '', '', '', '2019-11-01 06:57:00'),
(162, 'Pond', '', '99de98c318857b01164018cb71039a9c', 'privatespim@gmail.com', '', 0, '', '', '', '', '2019-11-20 13:41:41'),
(163, 'Peeraphut', '', '8e3c82bbe74ba6ca39e4e9add7d8ba2a', 'P.peeraphut@gmail.com', '', 0, '', '', '', '', '2019-11-20 14:52:31'),
(164, '1', '', '1', '0000', '', 0, '', '', '', '', '2019-11-21 10:23:06'),
(165, 'peeraphut punsuwan', '', 'c4ca4238a0b923820dcc509a6f75849b', 'p.peeraphut', '', 0, '', '2', '3', 'vbac', '2019-11-24 06:40:24'),
(166, '2', '', 'c81e728d9d4c2f636f067f89cc14862c', '2', '', 0, '', '', '', '', '2019-11-23 10:45:44'),
(167, 'พีราพัฒน์ ปัญสุวรรณ์', '', 'c4988322acd1f23490abf2a24580c459', 'p.peeraphut@gail.com', '', 0, '', '', '', '', '2019-11-23 14:07:22'),
(168, '3', '', 'eccbc87e4b5ce2fe28308fd9f2a7baf3', '3', '', 0, '', '', '', '', '2019-11-23 19:11:14'),
(169, 'test2', '', 'ad0234829205b9033196ba818f7a872b', 'test2', '', 0, '', '', '', '', '2019-11-24 04:10:26'),
(170, 'q', '', '7694f4a66316e53c8cdd9d9954bd611d', 'q', '', 0, '', '', 'q', 'q', '2019-11-25 13:50:43'),
(171, 'w1', '', 'f1290186a5d0b1ceab27f4e77c0c5d68', 'w2', '', 0, '', 'w3', 'w4', 'w5', '2019-11-24 06:39:33'),
(172, 'ำ', '', '6ce345102a39262d14a202181e40b05e', 'ำ', '', 0, '', 'ำ', 'ำ', 'ำ', '2019-11-24 09:19:49'),
(173, 'ณรงค์  ถาคำมี', '', '81dc9bdb52d04dc20036dbd8313ed055', 'pond_private@hotmail.com', '', 0, '', '5', '1', 'โรงเรียนสาธิต', '2019-11-25 09:03:09'),
(174, 'Jay', '', 'a5859547d6675d49b052c5109730a4f0', 'suradech.d@niems.go.th', '', 0, '', 'ม.6', '4', 'ท่าทราย', '2019-11-24 09:25:39'),
(175, 't', '', 'e358efa489f58062f10dd7316b65649e', 't', '', 0, '', 't', 't', 't', '2019-11-24 11:26:24'),
(176, 'y', '', '415290769594460e2e485922904f345d', 'y', '', 0, '', 'y', 'y', 'y', '2019-11-24 11:26:48'),
(177, 'พ', '', '3e7b0410f3fb4a63629dc914d80e5dc7', 'พ', '', 0, '', 'พ', 'พ', 'พ', '2019-11-24 11:29:35'),
(178, 'kim', '', '81dc9bdb52d04dc20036dbd8313ed055', 'kkk@gmail.com', '', 0, '', '3', '4', 'rrr', '2019-11-24 12:18:20');

--
-- Indexes for dumped tables
--

--
-- Indexes for table `admins`
--
ALTER TABLE `admins`
  ADD PRIMARY KEY (`id`);

--
-- Indexes for table `ci_sessions`
--
ALTER TABLE `ci_sessions`
  ADD KEY `ci_sessions_timestamp` (`timestamp`);

--
-- Indexes for table `examinations`
--
ALTER TABLE `examinations`
  ADD PRIMARY KEY (`id`);

--
-- Indexes for table `exam_answer`
--
ALTER TABLE `exam_answer`
  ADD PRIMARY KEY (`id`);

--
-- Indexes for table `exam_question`
--
ALTER TABLE `exam_question`
  ADD PRIMARY KEY (`id`);

--
-- Indexes for table `exam_result`
--
ALTER TABLE `exam_result`
  ADD PRIMARY KEY (`id`);

--
-- Indexes for table `exam_tmp`
--
ALTER TABLE `exam_tmp`
  ADD PRIMARY KEY (`id`);

--
-- Indexes for table `users`
--
ALTER TABLE `users`
  ADD PRIMARY KEY (`id`);

--
-- AUTO_INCREMENT for dumped tables
--

--
-- AUTO_INCREMENT for table `admins`
--
ALTER TABLE `admins`
  MODIFY `id` int(11) NOT NULL AUTO_INCREMENT, AUTO_INCREMENT=4;
--
-- AUTO_INCREMENT for table `examinations`
--
ALTER TABLE `examinations`
  MODIFY `id` int(11) NOT NULL AUTO_INCREMENT, AUTO_INCREMENT=7;
--
-- AUTO_INCREMENT for table `exam_answer`
--
ALTER TABLE `exam_answer`
  MODIFY `id` int(11) NOT NULL AUTO_INCREMENT, AUTO_INCREMENT=241;
--
-- AUTO_INCREMENT for table `exam_question`
--
ALTER TABLE `exam_question`
  MODIFY `id` int(11) NOT NULL AUTO_INCREMENT, AUTO_INCREMENT=61;
--
-- AUTO_INCREMENT for table `exam_result`
--
ALTER TABLE `exam_result`
  MODIFY `id` int(11) NOT NULL AUTO_INCREMENT, AUTO_INCREMENT=4;
--
-- AUTO_INCREMENT for table `exam_tmp`
--
ALTER TABLE `exam_tmp`
  MODIFY `id` int(11) NOT NULL AUTO_INCREMENT, AUTO_INCREMENT=56;
--
-- AUTO_INCREMENT for table `users`
--
ALTER TABLE `users`
  MODIFY `id` int(11) NOT NULL AUTO_INCREMENT, AUTO_INCREMENT=179;COMMIT;

/*!40101 SET CHARACTER_SET_CLIENT=@OLD_CHARACTER_SET_CLIENT */;
/*!40101 SET CHARACTER_SET_RESULTS=@OLD_CHARACTER_SET_RESULTS */;
/*!40101 SET COLLATION_CONNECTION=@OLD_COLLATION_CONNECTION */;
